Invoice ID,Date,City,Customer type,Gender,Product line,Unit cost,Unit price,Quantity
750-67-8428,1/5/2019,Yangon,Member,Female,Health and beauty,9.33,74.69,7
226-31-3081,3/8/2019,Naypyitaw,Normal,Female,Electronic accessories,9.8,15.28,5
631-41-3108,3/3/2019,Yangon,Normal,Male,Home and lifestyle,9.86,46.33,7
123-19-1176,1/27/2019,Yangon,Member,Male,Health and beauty,9.33,58.22,8
373-73-7910,2/8/2019,Yangon,Normal,Male,Sports and travel,9.13,86.31,7
699-14-3026,3/25/2019,Naypyitaw,Normal,Male,Electronic accessories,9.8,85.39,7
355-53-5943,2/25/2019,Yangon,Member,Female,Electronic accessories,9.8,68.84,6
315-22-5665,2/24/2019,Naypyitaw,Normal,Female,Home and lifestyle,9.86,73.56,10
665-32-9167,1/10/2019,Yangon,Member,Female,Health and beauty,9.33,36.26,2
692-92-5582,2/20/2019,Mandalay,Member,Female,Food and beverages,9.4,54.84,3
351-62-0822,2/6/2019,Mandalay,Member,Female,Fashion accessories,8.64,14.48,4
529-56-3974,3/9/2019,Mandalay,Member,Male,Electronic accessories,9.8,25.51,4
365-64-0515,2/12/2019,Yangon,Normal,Female,Electronic accessories,9.8,46.95,5
252-56-2699,2/7/2019,Yangon,Normal,Male,Food and beverages,9.4,43.19,10
829-34-3910,3/29/2019,Yangon,Normal,Female,Health and beauty,9.33,71.38,10
299-46-1805,1/15/2019,Mandalay,Member,Female,Sports and travel,9.13,93.72,6
656-95-9349,3/11/2019,Yangon,Member,Female,Health and beauty,9.33,68.93,7
765-26-6951,1/1/2019,Yangon,Normal,Male,Sports and travel,9.13,72.61,6
329-62-1586,1/21/2019,Yangon,Normal,Male,Food and beverages,9.4,54.67,3
319-50-3348,3/11/2019,Mandalay,Normal,Female,Home and lifestyle,9.86,40.3,2
300-71-4605,2/25/2019,Naypyitaw,Member,Male,Electronic accessories,9.8,86.04,5
371-85-5789,3/5/2019,Mandalay,Normal,Male,Health and beauty,9.33,87.98,3
273-16-6619,3/15/2019,Mandalay,Normal,Male,Home and lifestyle,9.86,33.2,2
636-48-8204,2/17/2019,Yangon,Normal,Male,Electronic accessories,9.8,34.56,5
549-59-1358,3/2/2019,Yangon,Member,Male,Sports and travel,9.13,88.63,3
227-03-5010,3/22/2019,Yangon,Member,Female,Home and lifestyle,9.86,52.59,8
649-29-6775,2/8/2019,Mandalay,Normal,Male,Fashion accessories,8.64,33.52,1
189-17-4241,3/10/2019,Yangon,Normal,Female,Fashion accessories,8.64,87.67,2
145-94-9061,1/25/2019,Mandalay,Normal,Female,Food and beverages,9.4,88.36,5
848-62-7243,3/15/2019,Yangon,Normal,Male,Health and beauty,9.33,24.89,9
871-79-8483,2/25/2019,Mandalay,Normal,Male,Fashion accessories,8.64,94.13,5
149-71-6266,1/28/2019,Mandalay,Member,Male,Sports and travel,9.13,78.07,9
640-49-2076,1/10/2019,Mandalay,Normal,Male,Sports and travel,9.13,83.78,8
595-11-5460,3/15/2019,Yangon,Normal,Male,Health and beauty,9.33,96.58,2
183-56-6882,2/6/2019,Naypyitaw,Member,Female,Food and beverages,9.4,99.42,4
232-16-2483,1/7/2019,Naypyitaw,Member,Female,Sports and travel,9.13,68.12,1
129-29-8530,3/10/2019,Yangon,Member,Male,Sports and travel,9.13,62.62,5
272-65-1806,1/15/2019,Yangon,Normal,Female,Electronic accessories,9.8,60.88,9
333-73-7901,3/23/2019,Naypyitaw,Normal,Female,Health and beauty,9.33,54.92,8
777-82-7220,3/3/2019,Mandalay,Member,Male,Home and lifestyle,9.86,30.12,8
280-35-5823,1/17/2019,Mandalay,Member,Female,Home and lifestyle,9.86,86.72,1
554-53-8700,2/2/2019,Naypyitaw,Member,Male,Home and lifestyle,9.86,56.11,2
354-25-5821,2/8/2019,Mandalay,Member,Female,Sports and travel,9.13,69.12,6
228-96-1411,3/4/2019,Naypyitaw,Member,Female,Food and beverages,9.4,98.7,8
617-15-4209,3/16/2019,Naypyitaw,Member,Male,Health and beauty,9.33,15.37,2
132-32-9879,3/9/2019,Mandalay,Member,Female,Electronic accessories,9.8,93.96,4
370-41-7321,2/27/2019,Mandalay,Member,Male,Health and beauty,9.33,56.69,9
727-46-3608,2/6/2019,Mandalay,Member,Female,Food and beverages,9.4,20.01,9
669-54-1719,2/10/2019,Mandalay,Member,Male,Electronic accessories,9.8,18.93,6
574-22-5561,3/19/2019,Naypyitaw,Member,Female,Fashion accessories,8.64,82.63,10
326-78-5178,2/3/2019,Naypyitaw,Member,Male,Food and beverages,9.4,91.4,7
162-48-8011,2/10/2019,Yangon,Member,Female,Food and beverages,9.4,44.59,5
616-24-2851,3/22/2019,Mandalay,Member,Female,Fashion accessories,8.64,17.87,4
778-71-5554,1/25/2019,Naypyitaw,Member,Male,Fashion accessories,8.64,15.43,1
242-55-6721,3/7/2019,Mandalay,Normal,Male,Home and lifestyle,9.86,16.16,2
399-46-5918,2/28/2019,Naypyitaw,Normal,Female,Electronic accessories,9.8,85.98,8
106-35-6779,3/27/2019,Yangon,Member,Male,Home and lifestyle,9.86,44.34,2
635-40-6220,2/7/2019,Yangon,Normal,Male,Health and beauty,9.33,89.6,8
817-48-8732,1/20/2019,Yangon,Member,Female,Home and lifestyle,9.86,72.35,10
120-06-4233,3/12/2019,Naypyitaw,Normal,Male,Electronic accessories,9.8,30.61,6
285-68-5083,2/15/2019,Naypyitaw,Member,Female,Sports and travel,9.13,24.74,3
803-83-5989,2/24/2019,Naypyitaw,Normal,Male,Home and lifestyle,9.86,55.73,6
347-34-2234,2/3/2019,Mandalay,Member,Female,Sports and travel,9.13,55.07,9
199-75-8169,3/6/2019,Yangon,Member,Male,Sports and travel,9.13,15.81,10
853-23-2453,2/14/2019,Mandalay,Member,Male,Health and beauty,9.33,75.74,4
877-22-3308,3/13/2019,Yangon,Member,Male,Health and beauty,9.33,15.87,10
838-78-4295,2/10/2019,Naypyitaw,Normal,Female,Health and beauty,9.33,33.47,2
109-28-2512,1/7/2019,Mandalay,Member,Female,Fashion accessories,8.64,97.61,6
232-11-3025,1/24/2019,Yangon,Normal,Male,Sports and travel,9.13,78.77,10
382-03-4532,2/2/2019,Yangon,Member,Female,Health and beauty,9.33,18.33,1
393-65-2792,1/6/2019,Naypyitaw,Normal,Male,Food and beverages,9.4,89.48,10
796-12-2025,2/11/2019,Naypyitaw,Normal,Male,Fashion accessories,8.64,62.12,10
510-95-6347,3/5/2019,Mandalay,Member,Female,Food and beverages,9.4,48.52,3
841-35-6630,3/9/2019,Naypyitaw,Normal,Female,Electronic accessories,9.8,75.91,6
287-21-9091,1/22/2019,Yangon,Normal,Male,Home and lifestyle,9.86,74.67,9
732-94-0499,1/13/2019,Naypyitaw,Normal,Female,Electronic accessories,9.8,41.65,10
263-10-3913,1/9/2019,Naypyitaw,Member,Male,Fashion accessories,8.64,49.04,9
381-20-0914,1/12/2019,Yangon,Member,Female,Fashion accessories,8.64,20.01,9
829-49-1914,3/5/2019,Naypyitaw,Member,Female,Food and beverages,9.4,78.31,10
756-01-7507,1/22/2019,Naypyitaw,Normal,Female,Health and beauty,9.33,20.38,5
870-72-4431,1/21/2019,Naypyitaw,Normal,Female,Health and beauty,9.33,99.19,6
847-38-7188,1/26/2019,Mandalay,Normal,Female,Food and beverages,9.4,96.68,3
480-63-2856,1/23/2019,Naypyitaw,Normal,Male,Food and beverages,9.4,19.25,8
787-56-0757,2/23/2019,Naypyitaw,Member,Female,Food and beverages,9.4,80.36,4
360-39-5055,3/9/2019,Naypyitaw,Member,Male,Sports and travel,9.13,48.91,5
730-50-9884,3/5/2019,Naypyitaw,Normal,Female,Sports and travel,9.13,83.06,7
362-58-8315,3/25/2019,Naypyitaw,Normal,Male,Fashion accessories,8.64,76.52,5
633-44-8566,3/27/2019,Yangon,Member,Male,Food and beverages,9.4,49.38,7
504-35-8843,1/2/2019,Yangon,Normal,Male,Sports and travel,9.13,42.47,1
318-68-5053,2/27/2019,Mandalay,Normal,Female,Health and beauty,9.33,76.99,6
565-80-5980,1/23/2019,Naypyitaw,Member,Female,Home and lifestyle,9.86,47.38,4
225-32-0908,1/26/2019,Naypyitaw,Normal,Female,Sports and travel,9.13,44.86,10
873-51-0671,1/10/2019,Yangon,Member,Female,Sports and travel,9.13,21.98,7
152-08-9985,3/12/2019,Mandalay,Member,Male,Health and beauty,9.33,64.36,9
512-91-0811,2/6/2019,Naypyitaw,Normal,Male,Health and beauty,9.33,89.75,1
594-34-4444,3/8/2019,Yangon,Normal,Male,Electronic accessories,9.8,97.16,1
766-85-7061,3/29/2019,Mandalay,Normal,Male,Health and beauty,9.33,87.87,10
871-39-9221,2/9/2019,Naypyitaw,Normal,Female,Electronic accessories,9.8,12.45,6
865-92-6136,3/23/2019,Yangon,Normal,Male,Food and beverages,9.4,52.75,3
733-01-9107,3/5/2019,Mandalay,Normal,Male,Home and lifestyle,9.86,82.7,6
163-56-7055,3/26/2019,Naypyitaw,Member,Male,Fashion accessories,8.64,48.71,1
189-98-2939,3/1/2019,Naypyitaw,Normal,Male,Fashion accessories,8.64,78.55,9
551-21-3069,2/1/2019,Naypyitaw,Normal,Female,Electronic accessories,9.8,23.07,9
212-62-1842,3/28/2019,Yangon,Normal,Male,Food and beverages,9.4,58.26,6
716-39-1409,3/19/2019,Mandalay,Normal,Male,Health and beauty,9.33,30.35,7
704-48-3927,1/12/2019,Yangon,Member,Male,Electronic accessories,9.8,88.67,10
628-34-3388,1/5/2019,Naypyitaw,Normal,Male,Fashion accessories,8.64,27.38,6
630-74-5166,3/22/2019,Yangon,Normal,Male,Sports and travel,9.13,62.13,6
588-01-7461,3/24/2019,Naypyitaw,Normal,Female,Food and beverages,9.4,33.98,9
861-77-0145,3/3/2019,Naypyitaw,Member,Male,Electronic accessories,9.8,81.97,10
479-26-8945,2/5/2019,Mandalay,Member,Female,Sports and travel,9.13,16.49,2
210-67-5886,2/5/2019,Naypyitaw,Member,Female,Health and beauty,9.33,98.21,3
227-78-1148,2/15/2019,Mandalay,Normal,Female,Fashion accessories,8.64,72.84,7
645-44-1170,1/19/2019,Yangon,Member,Male,Home and lifestyle,9.86,58.07,9
237-01-6122,2/1/2019,Naypyitaw,Member,Female,Home and lifestyle,9.86,80.79,9
225-98-1496,3/2/2019,Naypyitaw,Normal,Female,Fashion accessories,8.64,27.02,3
291-32-1427,3/5/2019,Mandalay,Member,Male,Fashion accessories,8.64,21.94,5
659-65-8956,1/16/2019,Mandalay,Member,Male,Fashion accessories,8.64,51.36,1
642-32-2990,2/2/2019,Yangon,Normal,Female,Food and beverages,9.4,10.96,10
378-24-2715,1/20/2019,Mandalay,Normal,Male,Home and lifestyle,9.86,53.44,2
638-60-7125,2/14/2019,Yangon,Normal,Female,Electronic accessories,9.8,99.56,8
659-36-1684,1/12/2019,Naypyitaw,Member,Male,Sports and travel,9.13,57.12,7
219-22-9386,3/9/2019,Mandalay,Member,Male,Sports and travel,9.13,99.96,9
336-78-2147,3/13/2019,Naypyitaw,Member,Male,Home and lifestyle,9.86,63.91,8
268-27-6179,3/9/2019,Mandalay,Member,Female,Fashion accessories,8.64,56.47,8
668-90-8900,3/10/2019,Yangon,Normal,Female,Home and lifestyle,9.86,93.69,7
870-54-3162,1/27/2019,Yangon,Normal,Female,Sports and travel,9.13,32.25,5
189-08-9157,1/8/2019,Naypyitaw,Normal,Female,Fashion accessories,8.64,31.73,9
663-86-9076,1/8/2019,Naypyitaw,Member,Female,Food and beverages,9.4,68.54,8
549-84-7482,2/8/2019,Mandalay,Normal,Female,Sports and travel,9.13,90.28,9
191-10-6171,1/25/2019,Mandalay,Normal,Female,Fashion accessories,8.64,39.62,7
802-70-5316,3/6/2019,Yangon,Member,Female,Sports and travel,9.13,92.13,6
695-51-0018,2/10/2019,Mandalay,Normal,Female,Sports and travel,9.13,34.84,4
590-83-4591,2/17/2019,Mandalay,Member,Male,Electronic accessories,9.8,87.45,6
483-71-1164,3/8/2019,Naypyitaw,Normal,Female,Health and beauty,9.33,81.3,6
597-78-7908,2/18/2019,Naypyitaw,Normal,Male,Fashion accessories,8.64,90.22,3
700-81-1757,1/18/2019,Yangon,Normal,Female,Electronic accessories,9.8,26.31,5
354-39-5160,2/18/2019,Yangon,Member,Female,Home and lifestyle,9.86,34.42,6
241-72-9525,2/16/2019,Mandalay,Normal,Male,Sports and travel,9.13,51.91,10
575-30-8091,3/16/2019,Yangon,Normal,Male,Sports and travel,9.13,72.5,8
731-81-9469,1/23/2019,Naypyitaw,Member,Female,Sports and travel,9.13,89.8,10
280-17-4359,1/25/2019,Naypyitaw,Member,Male,Health and beauty,9.33,90.5,10
338-65-2210,2/5/2019,Naypyitaw,Member,Female,Health and beauty,9.33,68.6,10
488-25-4221,2/22/2019,Naypyitaw,Member,Female,Food and beverages,9.4,30.41,1
239-10-7476,1/21/2019,Yangon,Normal,Female,Home and lifestyle,9.86,77.95,6
458-41-1477,3/8/2019,Naypyitaw,Normal,Female,Health and beauty,9.33,46.26,6
685-64-1609,2/10/2019,Yangon,Member,Female,Fashion accessories,8.64,30.14,10
568-90-5112,3/19/2019,Naypyitaw,Normal,Male,Health and beauty,9.33,66.14,4
262-47-2794,3/6/2019,Mandalay,Member,Male,Home and lifestyle,9.86,71.86,8
238-49-0436,3/27/2019,Yangon,Normal,Male,Health and beauty,9.33,32.46,8
608-96-3517,3/23/2019,Mandalay,Member,Female,Fashion accessories,8.64,91.54,4
584-86-7256,3/11/2019,Naypyitaw,Member,Male,Sports and travel,9.13,34.56,7
746-94-0204,1/29/2019,Yangon,Normal,Male,Fashion accessories,8.64,83.24,9
214-17-6927,2/7/2019,Naypyitaw,Normal,Female,Food and beverages,9.4,16.48,6
400-89-4171,1/28/2019,Naypyitaw,Normal,Female,Sports and travel,9.13,80.97,8
782-95-9291,2/20/2019,Yangon,Member,Male,Food and beverages,9.4,92.29,5
279-74-2924,1/4/2019,Mandalay,Member,Male,Electronic accessories,9.8,72.17,1
307-85-2293,3/7/2019,Mandalay,Normal,Male,Home and lifestyle,9.86,50.28,5
743-04-1105,3/30/2019,Mandalay,Member,Male,Health and beauty,9.33,97.22,9
423-57-2993,3/27/2019,Mandalay,Normal,Male,Sports and travel,9.13,93.39,6
894-41-5205,1/19/2019,Naypyitaw,Normal,Female,Food and beverages,9.4,43.18,8
275-28-0149,2/25/2019,Yangon,Normal,Male,Sports and travel,9.13,63.69,1
101-17-6199,3/13/2019,Yangon,Normal,Male,Food and beverages,9.4,45.79,7
423-80-0988,1/30/2019,Naypyitaw,Normal,Male,Sports and travel,9.13,76.4,2
548-46-9322,2/20/2019,Mandalay,Normal,Male,Food and beverages,9.4,39.9,10
505-02-0892,2/25/2019,Mandalay,Member,Male,Health and beauty,9.33,42.57,8
234-65-2137,1/16/2019,Naypyitaw,Normal,Male,Home and lifestyle,9.86,95.58,10
687-47-8271,2/8/2019,Yangon,Normal,Male,Fashion accessories,8.64,98.98,10
796-32-9050,1/19/2019,Yangon,Normal,Male,Food and beverages,9.4,51.28,6
105-31-1824,2/1/2019,Yangon,Member,Male,Sports and travel,9.13,69.52,7
249-42-3782,1/3/2019,Yangon,Normal,Male,Health and beauty,9.33,70.01,5
316-55-4634,1/26/2019,Mandalay,Member,Male,Food and beverages,9.4,80.05,5
733-33-4967,3/3/2019,Naypyitaw,Normal,Male,Electronic accessories,9.8,20.85,8
608-27-6295,1/19/2019,Mandalay,Member,Male,Electronic accessories,9.8,52.89,6
414-12-7047,1/18/2019,Mandalay,Normal,Male,Food and beverages,9.4,19.79,8
827-26-2100,3/21/2019,Yangon,Member,Male,Home and lifestyle,9.86,33.84,9
175-54-2529,3/3/2019,Yangon,Member,Male,Food and beverages,9.4,22.17,8
139-52-2867,2/13/2019,Naypyitaw,Normal,Female,Fashion accessories,8.64,22.51,7
407-63-8975,3/23/2019,Yangon,Normal,Male,Food and beverages,9.4,73.88,6
342-65-4817,1/28/2019,Naypyitaw,Member,Male,Health and beauty,9.33,86.8,3
130-98-8941,2/9/2019,Naypyitaw,Normal,Male,Fashion accessories,8.64,64.26,7
434-83-9547,1/23/2019,Naypyitaw,Member,Male,Food and beverages,9.4,38.47,8
851-28-6367,3/23/2019,Yangon,Member,Male,Sports and travel,9.13,15.5,10
824-88-3614,1/25/2019,Naypyitaw,Normal,Male,Health and beauty,9.33,34.31,8
586-25-0848,3/4/2019,Yangon,Normal,Female,Sports and travel,9.13,12.34,7
895-66-0685,3/5/2019,Mandalay,Member,Male,Food and beverages,9.4,18.08,3
305-14-0245,3/3/2019,Mandalay,Member,Female,Home and lifestyle,9.86,94.49,8
732-04-5373,2/8/2019,Mandalay,Member,Male,Home and lifestyle,9.86,46.47,4
400-60-7251,2/10/2019,Yangon,Normal,Male,Home and lifestyle,9.86,74.07,1
593-65-1552,1/28/2019,Naypyitaw,Normal,Female,Home and lifestyle,9.86,69.81,4
284-34-9626,2/11/2019,Mandalay,Normal,Female,Home and lifestyle,9.86,77.04,3
437-58-8131,1/15/2019,Mandalay,Normal,Female,Fashion accessories,8.64,73.52,2
286-43-6208,3/16/2019,Naypyitaw,Normal,Female,Food and beverages,9.4,87.8,9
641-43-2399,1/26/2019,Mandalay,Normal,Male,Home and lifestyle,9.86,25.55,4
831-07-6050,3/19/2019,Yangon,Normal,Male,Electronic accessories,9.8,32.71,5
556-86-3144,1/13/2019,Naypyitaw,Member,Female,Fashion accessories,8.64,74.29,1
848-24-9445,3/26/2019,Naypyitaw,Member,Male,Health and beauty,9.33,43.7,2
856-22-8149,3/23/2019,Yangon,Normal,Female,Home and lifestyle,9.86,25.29,1
699-01-4164,3/12/2019,Naypyitaw,Normal,Male,Health and beauty,9.33,41.5,4
420-11-4919,2/17/2019,Naypyitaw,Member,Female,Food and beverages,9.4,71.39,5
606-80-4905,1/29/2019,Naypyitaw,Member,Female,Sports and travel,9.13,19.15,6
542-41-0513,3/15/2019,Mandalay,Member,Female,Electronic accessories,9.8,57.49,4
426-39-2418,1/14/2019,Naypyitaw,Normal,Male,Electronic accessories,9.8,61.41,7
875-46-5808,2/6/2019,Mandalay,Member,Male,Health and beauty,9.33,25.9,10
394-43-4238,2/15/2019,Mandalay,Member,Male,Home and lifestyle,9.86,17.77,5
749-24-1565,1/3/2019,Yangon,Normal,Female,Health and beauty,9.33,23.03,9
672-51-8681,1/4/2019,Naypyitaw,Member,Female,Electronic accessories,9.8,66.65,9
263-87-5680,3/18/2019,Naypyitaw,Member,Female,Home and lifestyle,9.86,28.53,10
573-58-9734,3/28/2019,Mandalay,Normal,Female,Fashion accessories,8.64,30.37,3
817-69-8206,3/2/2019,Mandalay,Normal,Female,Electronic accessories,9.8,99.73,9
888-02-0338,1/25/2019,Yangon,Normal,Male,Electronic accessories,9.8,26.23,9
677-11-0152,1/16/2019,Naypyitaw,Normal,Female,Food and beverages,9.4,93.26,9
142-63-6033,3/20/2019,Mandalay,Normal,Male,Home and lifestyle,9.86,92.36,5
656-16-1063,1/4/2019,Mandalay,Normal,Male,Sports and travel,9.13,46.42,3
891-58-8335,3/11/2019,Mandalay,Member,Female,Sports and travel,9.13,29.61,7
802-43-8934,3/22/2019,Yangon,Normal,Male,Home and lifestyle,9.86,18.28,1
560-30-5617,3/24/2019,Mandalay,Normal,Female,Sports and travel,9.13,24.77,5
319-74-2561,2/21/2019,Yangon,Member,Female,Electronic accessories,9.8,94.64,3
549-03-9315,2/12/2019,Mandalay,Normal,Male,Fashion accessories,8.64,94.87,8
790-29-1172,3/10/2019,Mandalay,Normal,Female,Food and beverages,9.4,57.34,3
239-36-3640,1/31/2019,Mandalay,Normal,Male,Electronic accessories,9.8,45.35,6
468-01-2051,3/6/2019,Mandalay,Normal,Male,Food and beverages,9.4,62.08,7
389-25-3394,2/17/2019,Naypyitaw,Normal,Male,Electronic accessories,9.8,11.81,5
279-62-1445,2/21/2019,Naypyitaw,Member,Female,Fashion accessories,8.64,12.54,1
213-72-6612,3/20/2019,Yangon,Normal,Male,Food and beverages,9.4,43.25,2
746-68-6593,1/11/2019,Naypyitaw,Member,Female,Sports and travel,9.13,87.16,2
836-82-5858,1/26/2019,Mandalay,Member,Male,Health and beauty,9.33,69.37,9
583-72-1480,1/31/2019,Naypyitaw,Member,Male,Electronic accessories,9.8,37.06,4
466-61-5506,2/26/2019,Mandalay,Member,Female,Electronic accessories,9.8,90.7,6
721-86-6247,3/11/2019,Yangon,Normal,Female,Home and lifestyle,9.86,63.42,8
289-65-5721,1/26/2019,Mandalay,Normal,Female,Fashion accessories,8.64,81.37,2
545-46-3100,3/12/2019,Mandalay,Member,Female,Electronic accessories,9.8,10.59,3
418-02-5978,2/11/2019,Mandalay,Normal,Female,Health and beauty,9.33,84.09,9
269-04-5750,2/21/2019,Mandalay,Member,Male,Fashion accessories,8.64,73.82,4
157-13-5295,3/9/2019,Yangon,Member,Male,Health and beauty,9.33,51.94,10
645-78-8093,1/20/2019,Yangon,Normal,Female,Sports and travel,9.13,93.14,2
211-30-9270,1/28/2019,Naypyitaw,Normal,Male,Health and beauty,9.33,17.41,5
755-12-3214,3/5/2019,Naypyitaw,Member,Female,Fashion accessories,8.64,44.22,5
346-84-3103,3/2/2019,Mandalay,Member,Female,Electronic accessories,9.8,13.22,5
478-06-7835,1/11/2019,Yangon,Normal,Male,Fashion accessories,8.64,89.69,1
540-11-4336,1/11/2019,Yangon,Normal,Male,Food and beverages,9.4,24.94,9
448-81-5016,3/11/2019,Yangon,Normal,Male,Health and beauty,9.33,59.77,2
142-72-4741,2/28/2019,Naypyitaw,Member,Male,Fashion accessories,8.64,93.2,2
217-58-1179,1/5/2019,Yangon,Member,Male,Home and lifestyle,9.86,62.65,4
376-02-8238,2/2/2019,Mandalay,Normal,Male,Home and lifestyle,9.86,93.87,8
530-90-9855,1/1/2019,Yangon,Member,Male,Home and lifestyle,9.86,47.59,8
866-05-7563,2/9/2019,Mandalay,Member,Female,Electronic accessories,9.8,81.4,3
604-70-6476,1/23/2019,Yangon,Member,Male,Fashion accessories,8.64,17.94,5
799-71-1548,1/7/2019,Yangon,Member,Male,Electronic accessories,9.8,77.72,4
785-13-7708,1/14/2019,Mandalay,Normal,Male,Food and beverages,9.4,73.06,7
845-51-0542,2/2/2019,Mandalay,Member,Male,Food and beverages,9.4,46.55,9
662-47-5456,3/17/2019,Naypyitaw,Member,Male,Fashion accessories,8.64,35.19,10
883-17-4236,3/2/2019,Naypyitaw,Normal,Female,Sports and travel,9.13,14.39,2
290-68-2984,3/16/2019,Yangon,Normal,Male,Home and lifestyle,9.86,23.75,4
704-11-6354,1/6/2019,Yangon,Member,Male,Home and lifestyle,9.86,58.9,8
110-48-7033,1/29/2019,Mandalay,Member,Male,Fashion accessories,8.64,32.62,4
366-93-0948,1/31/2019,Yangon,Member,Male,Electronic accessories,9.8,66.35,1
729-09-9681,2/5/2019,Yangon,Member,Male,Home and lifestyle,9.86,25.91,6
151-16-1484,2/13/2019,Yangon,Member,Male,Electronic accessories,9.8,32.25,4
380-94-4661,2/7/2019,Naypyitaw,Member,Male,Electronic accessories,9.8,65.94,4
850-41-9669,3/19/2019,Yangon,Normal,Female,Electronic accessories,9.8,75.06,9
821-07-3596,3/7/2019,Naypyitaw,Normal,Female,Fashion accessories,8.64,16.45,4
655-85-5130,3/13/2019,Mandalay,Member,Female,Fashion accessories,8.64,38.3,4
447-15-7839,2/9/2019,Yangon,Member,Female,Sports and travel,9.13,22.24,10
154-74-7179,2/26/2019,Mandalay,Normal,Male,Sports and travel,9.13,54.45,1
253-12-6086,3/12/2019,Yangon,Member,Female,Sports and travel,9.13,98.4,7
808-65-0703,3/14/2019,Naypyitaw,Normal,Male,Home and lifestyle,9.86,35.47,4
571-94-0759,1/8/2019,Mandalay,Member,Female,Food and beverages,9.4,74.6,10
144-51-6085,1/5/2019,Yangon,Member,Male,Home and lifestyle,9.86,70.74,4
731-14-2199,1/4/2019,Yangon,Member,Female,Home and lifestyle,9.86,35.54,10
783-09-1637,3/6/2019,Mandalay,Normal,Female,Sports and travel,9.13,67.43,5
687-15-1097,1/3/2019,Naypyitaw,Member,Female,Health and beauty,9.33,21.12,2
126-54-1082,1/7/2019,Yangon,Member,Female,Home and lifestyle,9.86,21.54,9
633-91-1052,1/27/2019,Yangon,Normal,Female,Home and lifestyle,9.86,12.03,2
477-24-6490,2/26/2019,Mandalay,Normal,Female,Health and beauty,9.33,99.71,6
566-19-5475,1/7/2019,Mandalay,Normal,Male,Fashion accessories,8.64,47.97,7
526-86-8552,1/7/2019,Naypyitaw,Member,Female,Home and lifestyle,9.86,21.82,10
376-56-3573,2/2/2019,Naypyitaw,Normal,Female,Fashion accessories,8.64,95.42,4
537-72-0426,3/20/2019,Naypyitaw,Member,Male,Fashion accessories,8.64,70.99,10
828-61-5674,3/20/2019,Yangon,Member,Male,Sports and travel,9.13,44.02,10
136-08-6195,2/15/2019,Yangon,Normal,Female,Home and lifestyle,9.86,69.96,8
523-38-0215,3/6/2019,Naypyitaw,Normal,Male,Home and lifestyle,9.86,37.0,1
490-29-1201,1/6/2019,Yangon,Normal,Female,Sports and travel,9.13,15.34,1
667-92-0055,3/4/2019,Yangon,Member,Male,Health and beauty,9.33,99.83,6
565-17-3836,3/12/2019,Yangon,Member,Female,Health and beauty,9.33,47.67,4
498-41-1961,2/20/2019,Mandalay,Normal,Male,Health and beauty,9.33,66.68,5
593-95-4461,3/24/2019,Naypyitaw,Member,Male,Home and lifestyle,9.86,74.86,1
226-71-3580,1/31/2019,Naypyitaw,Normal,Female,Sports and travel,9.13,23.75,9
283-79-9594,1/25/2019,Mandalay,Normal,Female,Food and beverages,9.4,48.51,7
430-60-3493,2/3/2019,Yangon,Member,Female,Home and lifestyle,9.86,94.88,7
139-20-0155,1/24/2019,Mandalay,Member,Male,Electronic accessories,9.8,40.3,10
558-80-4082,3/14/2019,Naypyitaw,Normal,Male,Electronic accessories,9.8,27.85,7
278-97-7759,2/18/2019,Yangon,Member,Female,Electronic accessories,9.8,62.48,1
316-68-6352,1/21/2019,Yangon,Member,Female,Food and beverages,9.4,36.36,2
585-03-5943,3/13/2019,Mandalay,Normal,Male,Health and beauty,9.33,18.11,10
211-05-0490,3/3/2019,Naypyitaw,Member,Female,Electronic accessories,9.8,51.92,5
727-75-6477,3/29/2019,Naypyitaw,Normal,Male,Electronic accessories,9.8,28.84,4
744-02-5987,1/10/2019,Yangon,Member,Male,Home and lifestyle,9.86,78.38,6
307-83-9164,1/25/2019,Yangon,Member,Male,Home and lifestyle,9.86,60.01,4
779-06-0012,1/19/2019,Naypyitaw,Member,Female,Home and lifestyle,9.86,88.61,1
446-47-6729,1/2/2019,Naypyitaw,Normal,Male,Fashion accessories,8.64,99.82,2
573-10-3877,3/12/2019,Mandalay,Member,Male,Health and beauty,9.33,39.01,1
735-06-4124,2/25/2019,Naypyitaw,Normal,Male,Food and beverages,9.4,48.61,1
439-54-7422,3/18/2019,Yangon,Normal,Female,Electronic accessories,9.8,51.19,4
396-90-2219,2/23/2019,Mandalay,Normal,Female,Electronic accessories,9.8,14.96,8
411-77-0180,3/26/2019,Yangon,Member,Male,Electronic accessories,9.8,72.2,7
286-01-5402,3/30/2019,Yangon,Normal,Female,Sports and travel,9.13,40.23,7
803-17-8013,2/17/2019,Yangon,Member,Female,Home and lifestyle,9.86,88.79,8
512-98-1403,3/21/2019,Yangon,Member,Female,Electronic accessories,9.8,26.48,3
848-42-2560,3/5/2019,Yangon,Normal,Female,Fashion accessories,8.64,81.91,2
532-59-7201,1/31/2019,Mandalay,Member,Male,Sports and travel,9.13,79.93,6
181-94-6432,2/5/2019,Naypyitaw,Member,Male,Fashion accessories,8.64,69.33,2
870-76-1733,2/1/2019,Yangon,Member,Female,Food and beverages,9.4,14.23,5
423-64-4619,3/7/2019,Yangon,Member,Female,Health and beauty,9.33,15.55,9
227-07-4446,2/10/2019,Naypyitaw,Member,Female,Electronic accessories,9.8,78.13,10
174-36-3675,2/14/2019,Naypyitaw,Member,Male,Food and beverages,9.4,99.37,2
428-83-5800,2/9/2019,Naypyitaw,Member,Female,Food and beverages,9.4,21.08,3
603-07-0961,1/10/2019,Naypyitaw,Member,Male,Electronic accessories,9.8,74.79,5
704-20-4138,3/11/2019,Naypyitaw,Member,Female,Health and beauty,9.33,29.67,7
787-15-1757,2/18/2019,Naypyitaw,Member,Male,Health and beauty,9.33,44.07,4
649-11-3678,2/26/2019,Naypyitaw,Normal,Female,Food and beverages,9.4,22.93,9
622-20-1945,1/18/2019,Naypyitaw,Normal,Female,Health and beauty,9.33,39.42,1
372-94-8041,2/15/2019,Yangon,Normal,Male,Health and beauty,9.33,15.26,6
563-91-7120,3/8/2019,Yangon,Normal,Female,Fashion accessories,8.64,61.77,5
746-54-5508,1/17/2019,Yangon,Normal,Male,Home and lifestyle,9.86,21.52,6
276-54-0879,3/12/2019,Mandalay,Normal,Male,Sports and travel,9.13,97.74,4
815-11-1168,3/9/2019,Yangon,Member,Male,Food and beverages,9.4,99.78,5
719-76-3868,3/12/2019,Naypyitaw,Member,Male,Food and beverages,9.4,94.26,4
730-61-8757,1/25/2019,Mandalay,Member,Male,Health and beauty,9.33,51.13,4
340-66-0321,3/25/2019,Yangon,Member,Male,Electronic accessories,9.8,36.36,4
868-81-1752,2/7/2019,Mandalay,Normal,Male,Home and lifestyle,9.86,22.02,9
634-97-8956,2/17/2019,Yangon,Normal,Male,Food and beverages,9.4,32.9,3
566-71-1091,2/3/2019,Yangon,Normal,Male,Fashion accessories,8.64,77.02,5
442-48-3607,3/14/2019,Yangon,Member,Male,Food and beverages,9.4,23.48,2
835-16-0096,3/24/2019,Naypyitaw,Member,Male,Sports and travel,9.13,14.7,5
527-09-6272,3/21/2019,Yangon,Member,Female,Electronic accessories,9.8,28.45,5
898-04-2717,3/19/2019,Yangon,Normal,Male,Fashion accessories,8.64,76.4,9
692-27-8933,2/24/2019,Mandalay,Normal,Female,Sports and travel,9.13,57.95,6
633-09-3463,3/28/2019,Naypyitaw,Normal,Female,Electronic accessories,9.8,47.65,3
374-17-3652,2/5/2019,Mandalay,Member,Female,Food and beverages,9.4,42.82,9
378-07-7001,2/10/2019,Mandalay,Member,Male,Electronic accessories,9.8,48.09,3
433-75-6987,3/5/2019,Mandalay,Member,Female,Health and beauty,9.33,55.97,7
873-95-4984,2/15/2019,Mandalay,Member,Female,Health and beauty,9.33,76.9,7
416-13-5917,1/30/2019,Naypyitaw,Normal,Female,Food and beverages,9.4,97.03,5
150-89-8043,2/14/2019,Yangon,Normal,Male,Sports and travel,9.13,44.65,3
135-84-8019,2/27/2019,Yangon,Normal,Female,Fashion accessories,8.64,77.93,9
441-94-7118,2/4/2019,Yangon,Member,Male,Electronic accessories,9.8,71.95,1
725-96-3778,1/20/2019,Naypyitaw,Member,Female,Home and lifestyle,9.86,89.25,8
531-80-1784,3/28/2019,Yangon,Normal,Male,Electronic accessories,9.8,26.02,7
400-45-1220,2/27/2019,Mandalay,Normal,Female,Health and beauty,9.33,13.5,10
860-79-0874,2/15/2019,Naypyitaw,Member,Female,Fashion accessories,8.64,99.3,10
834-61-8124,1/26/2019,Yangon,Normal,Male,Electronic accessories,9.8,51.69,7
115-99-4379,3/14/2019,Mandalay,Member,Female,Fashion accessories,8.64,54.73,7
565-67-6697,3/2/2019,Mandalay,Member,Male,Home and lifestyle,9.86,27.0,9
320-49-6392,3/4/2019,Naypyitaw,Normal,Female,Electronic accessories,9.8,30.24,1
889-04-9723,1/7/2019,Mandalay,Member,Female,Food and beverages,9.4,89.14,4
632-90-0281,3/8/2019,Naypyitaw,Normal,Female,Fashion accessories,8.64,37.55,10
554-42-2417,1/9/2019,Naypyitaw,Normal,Female,Sports and travel,9.13,95.44,10
453-63-6187,3/1/2019,Mandalay,Normal,Male,Electronic accessories,9.8,27.5,3
578-80-7669,3/16/2019,Mandalay,Normal,Male,Sports and travel,9.13,74.97,1
612-36-5536,2/17/2019,Yangon,Member,Male,Food and beverages,9.4,80.96,8
605-72-4132,2/27/2019,Naypyitaw,Normal,Female,Food and beverages,9.4,94.47,8
471-41-2823,3/7/2019,Naypyitaw,Normal,Male,Food and beverages,9.4,99.79,2
462-67-9126,1/21/2019,Yangon,Normal,Male,Home and lifestyle,9.86,73.22,6
272-27-9238,2/19/2019,Naypyitaw,Normal,Female,Food and beverages,9.4,41.24,4
834-25-9262,1/6/2019,Naypyitaw,Normal,Female,Fashion accessories,8.64,81.68,4
122-61-9553,3/14/2019,Naypyitaw,Normal,Female,Electronic accessories,9.8,51.32,9
468-88-0009,3/24/2019,Yangon,Member,Male,Home and lifestyle,9.86,65.94,4
613-59-9758,1/27/2019,Naypyitaw,Normal,Female,Sports and travel,9.13,14.36,10
254-31-0042,3/6/2019,Yangon,Member,Male,Electronic accessories,9.8,21.5,9
201-86-2184,2/2/2019,Mandalay,Member,Female,Electronic accessories,9.8,26.26,7
261-12-8671,1/25/2019,Mandalay,Normal,Female,Fashion accessories,8.64,60.96,2
730-70-9830,3/14/2019,Naypyitaw,Normal,Female,Home and lifestyle,9.86,70.11,6
382-25-8917,1/29/2019,Naypyitaw,Normal,Male,Fashion accessories,8.64,42.08,6
422-29-8786,1/3/2019,Yangon,Normal,Female,Home and lifestyle,9.86,67.09,5
667-23-5919,1/14/2019,Yangon,Member,Female,Fashion accessories,8.64,96.7,5
843-01-4703,1/5/2019,Mandalay,Member,Female,Home and lifestyle,9.86,35.38,9
743-88-1662,2/22/2019,Naypyitaw,Normal,Male,Sports and travel,9.13,95.49,7
595-86-2894,2/6/2019,Naypyitaw,Member,Male,Fashion accessories,8.64,96.98,4
182-69-8360,1/30/2019,Mandalay,Normal,Female,Electronic accessories,9.8,23.65,4
289-15-7034,1/11/2019,Yangon,Member,Male,Sports and travel,9.13,82.33,4
462-78-5240,3/19/2019,Naypyitaw,Normal,Female,Electronic accessories,9.8,26.61,2
868-52-7573,1/14/2019,Mandalay,Normal,Female,Food and beverages,9.4,99.69,5
153-58-4872,3/1/2019,Naypyitaw,Member,Female,Food and beverages,9.4,74.89,4
662-72-2873,1/6/2019,Yangon,Normal,Female,Food and beverages,9.4,40.94,5
525-88-7307,1/31/2019,Mandalay,Member,Male,Sports and travel,9.13,75.82,1
689-16-9784,3/11/2019,Naypyitaw,Normal,Male,Food and beverages,9.4,46.77,6
725-56-0833,2/20/2019,Yangon,Normal,Female,Health and beauty,9.33,32.32,10
394-41-0748,1/27/2019,Naypyitaw,Member,Female,Fashion accessories,8.64,54.07,9
596-42-3999,3/10/2019,Mandalay,Normal,Male,Food and beverages,9.4,18.22,7
541-89-9860,2/15/2019,Naypyitaw,Member,Female,Fashion accessories,8.64,80.48,3
173-82-9529,1/26/2019,Mandalay,Normal,Female,Fashion accessories,8.64,37.95,10
563-36-9814,2/13/2019,Yangon,Member,Male,Electronic accessories,9.8,76.82,1
308-47-4913,3/9/2019,Yangon,Member,Female,Sports and travel,9.13,52.26,10
885-17-6250,3/6/2019,Yangon,Normal,Female,Health and beauty,9.33,79.74,1
726-27-2396,1/24/2019,Yangon,Normal,Female,Health and beauty,9.33,77.5,5
316-01-3952,3/13/2019,Yangon,Normal,Female,Food and beverages,9.4,54.27,5
760-54-1821,3/15/2019,Mandalay,Normal,Male,Home and lifestyle,9.86,13.59,9
793-10-3222,3/5/2019,Mandalay,Member,Female,Health and beauty,9.33,41.06,6
346-12-3257,3/4/2019,Mandalay,Member,Male,Electronic accessories,9.8,19.24,9
110-05-6330,3/25/2019,Naypyitaw,Normal,Female,Food and beverages,9.4,39.43,6
651-61-0874,3/12/2019,Naypyitaw,Normal,Male,Home and lifestyle,9.86,46.22,4
236-86-3015,2/4/2019,Naypyitaw,Member,Male,Home and lifestyle,9.86,13.98,1
831-64-0259,2/22/2019,Mandalay,Normal,Female,Fashion accessories,8.64,39.75,5
587-03-7455,2/16/2019,Naypyitaw,Member,Female,Fashion accessories,8.64,97.79,7
882-40-4577,1/19/2019,Yangon,Member,Male,Sports and travel,9.13,67.26,4
732-67-5346,1/11/2019,Yangon,Normal,Male,Food and beverages,9.4,13.79,5
725-32-9708,1/4/2019,Mandalay,Member,Female,Fashion accessories,8.64,68.71,4
256-08-8343,3/4/2019,Yangon,Normal,Female,Home and lifestyle,9.86,56.53,4
372-26-1506,1/28/2019,Naypyitaw,Normal,Female,Fashion accessories,8.64,23.82,5
244-08-0162,1/2/2019,Mandalay,Normal,Female,Health and beauty,9.33,34.21,10
569-71-4390,1/25/2019,Mandalay,Normal,Male,Sports and travel,9.13,21.87,2
132-23-6451,1/4/2019,Yangon,Member,Male,Health and beauty,9.33,20.97,5
696-90-2548,3/10/2019,Yangon,Normal,Male,Sports and travel,9.13,25.84,3
472-15-9636,3/22/2019,Yangon,Normal,Male,Home and lifestyle,9.86,50.93,8
268-03-6164,1/25/2019,Mandalay,Normal,Male,Health and beauty,9.33,96.11,1
750-57-9686,1/8/2019,Naypyitaw,Normal,Female,Home and lifestyle,9.86,45.38,4
186-09-3669,1/22/2019,Naypyitaw,Member,Female,Health and beauty,9.33,81.51,1
848-07-1692,1/12/2019,Mandalay,Normal,Female,Health and beauty,9.33,57.22,2
745-71-3520,2/4/2019,Yangon,Member,Female,Electronic accessories,9.8,25.22,7
266-76-6436,3/28/2019,Naypyitaw,Member,Female,Food and beverages,9.4,38.6,3
740-22-2500,1/23/2019,Naypyitaw,Normal,Female,Electronic accessories,9.8,84.05,3
271-88-8734,2/8/2019,Naypyitaw,Member,Female,Fashion accessories,8.64,97.21,10
301-81-8610,3/19/2019,Mandalay,Member,Male,Fashion accessories,8.64,25.42,8
489-64-4354,3/9/2019,Naypyitaw,Normal,Male,Fashion accessories,8.64,16.28,1
198-84-7132,1/2/2019,Mandalay,Member,Male,Fashion accessories,8.64,40.61,9
269-10-8440,1/21/2019,Yangon,Member,Male,Health and beauty,9.33,53.17,7
650-98-6268,3/20/2019,Mandalay,Member,Female,Food and beverages,9.4,20.87,3
741-73-3559,2/27/2019,Mandalay,Normal,Male,Sports and travel,9.13,67.27,5
325-77-6186,3/8/2019,Yangon,Member,Female,Home and lifestyle,9.86,90.65,10
286-75-7818,1/31/2019,Mandalay,Normal,Male,Fashion accessories,8.64,69.08,2
574-57-9721,3/8/2019,Naypyitaw,Normal,Male,Food and beverages,9.4,43.27,2
459-50-7686,1/13/2019,Yangon,Normal,Female,Electronic accessories,9.8,23.46,6
616-87-0016,3/9/2019,Mandalay,Normal,Male,Fashion accessories,8.64,95.54,7
837-55-7229,2/22/2019,Mandalay,Normal,Female,Fashion accessories,8.64,47.44,1
751-69-0068,3/19/2019,Naypyitaw,Normal,Male,Sports and travel,9.13,99.24,9
257-73-1380,1/20/2019,Naypyitaw,Member,Male,Sports and travel,9.13,82.93,4
345-08-4992,3/8/2019,Yangon,Normal,Male,Home and lifestyle,9.86,33.99,6
549-96-4200,3/8/2019,Naypyitaw,Member,Male,Food and beverages,9.4,17.04,4
810-60-6344,2/7/2019,Naypyitaw,Normal,Female,Electronic accessories,9.8,40.86,8
450-28-2866,1/15/2019,Naypyitaw,Member,Male,Food and beverages,9.4,17.44,5
394-30-3170,3/22/2019,Mandalay,Member,Female,Sports and travel,9.13,88.43,8
138-17-5109,1/15/2019,Yangon,Member,Female,Home and lifestyle,9.86,89.21,9
192-98-7397,1/8/2019,Naypyitaw,Normal,Male,Fashion accessories,8.64,12.78,1
301-11-9629,1/15/2019,Yangon,Normal,Female,Sports and travel,9.13,19.1,7
390-80-5128,1/28/2019,Mandalay,Member,Female,Health and beauty,9.33,19.15,1
235-46-8343,2/14/2019,Naypyitaw,Member,Male,Food and beverages,9.4,27.66,10
453-12-7053,3/10/2019,Naypyitaw,Normal,Male,Fashion accessories,8.64,45.74,3
296-11-7041,1/12/2019,Mandalay,Member,Female,Health and beauty,9.33,27.07,1
449-27-2918,3/26/2019,Mandalay,Member,Female,Sports and travel,9.13,39.12,1
891-01-7034,1/1/2019,Mandalay,Normal,Female,Electronic accessories,9.8,74.71,6
744-09-5786,1/2/2019,Mandalay,Normal,Male,Electronic accessories,9.8,22.01,6
727-17-0390,3/16/2019,Yangon,Normal,Female,Food and beverages,9.4,63.61,5
568-88-3448,3/3/2019,Yangon,Normal,Male,Health and beauty,9.33,25.0,1
187-83-5490,1/31/2019,Yangon,Member,Male,Electronic accessories,9.8,20.77,4
767-54-1907,2/13/2019,Mandalay,Member,Female,Fashion accessories,8.64,29.56,5
710-46-4433,2/15/2019,Mandalay,Member,Female,Food and beverages,9.4,77.4,9
533-33-5337,2/7/2019,Mandalay,Normal,Male,Electronic accessories,9.8,79.39,10
325-90-8763,1/27/2019,Naypyitaw,Member,Female,Electronic accessories,9.8,46.57,10
729-46-7422,2/23/2019,Naypyitaw,Normal,Male,Food and beverages,9.4,35.89,1
639-76-1242,2/3/2019,Naypyitaw,Normal,Male,Food and beverages,9.4,40.52,5
234-03-4040,3/3/2019,Mandalay,Member,Female,Food and beverages,9.4,73.05,10
326-71-2155,2/3/2019,Naypyitaw,Normal,Female,Sports and travel,9.13,73.95,4
320-32-8842,3/17/2019,Naypyitaw,Member,Female,Food and beverages,9.4,22.62,1
470-32-9057,3/28/2019,Yangon,Member,Male,Food and beverages,9.4,51.34,5
878-30-2331,3/2/2019,Naypyitaw,Member,Female,Sports and travel,9.13,54.55,10
440-59-5691,2/8/2019,Naypyitaw,Member,Female,Health and beauty,9.33,37.15,7
554-53-3790,3/22/2019,Mandalay,Normal,Male,Sports and travel,9.13,37.02,6
746-19-0921,2/9/2019,Naypyitaw,Normal,Male,Food and beverages,9.4,21.58,1
233-34-0817,2/15/2019,Naypyitaw,Member,Female,Electronic accessories,9.8,98.84,1
767-05-1286,1/23/2019,Naypyitaw,Member,Female,Home and lifestyle,9.86,83.77,6
340-21-9136,1/25/2019,Yangon,Member,Female,Sports and travel,9.13,40.05,4
405-31-3305,2/2/2019,Yangon,Member,Male,Fashion accessories,8.64,43.13,10
731-59-7531,3/30/2019,Mandalay,Member,Male,Health and beauty,9.33,72.57,8
676-39-6028,3/30/2019,Yangon,Member,Female,Electronic accessories,9.8,64.44,5
502-05-1910,2/25/2019,Yangon,Normal,Male,Health and beauty,9.33,65.18,3
485-30-8700,3/18/2019,Yangon,Normal,Female,Sports and travel,9.13,33.26,5
598-47-9715,3/7/2019,Naypyitaw,Normal,Male,Electronic accessories,9.8,84.07,4
701-69-8742,3/16/2019,Mandalay,Normal,Male,Sports and travel,9.13,34.37,10
575-67-1508,1/29/2019,Yangon,Normal,Male,Electronic accessories,9.8,38.6,1
541-08-3113,2/2/2019,Naypyitaw,Normal,Male,Food and beverages,9.4,65.97,8
246-11-3901,2/15/2019,Naypyitaw,Normal,Female,Electronic accessories,9.8,32.8,10
674-15-9296,1/8/2019,Yangon,Normal,Male,Sports and travel,9.13,37.14,5
305-18-3552,2/12/2019,Mandalay,Member,Male,Home and lifestyle,9.86,60.38,10
493-65-6248,1/1/2019,Naypyitaw,Member,Female,Sports and travel,9.13,36.98,10
438-01-4015,3/21/2019,Mandalay,Member,Female,Sports and travel,9.13,49.49,4
709-58-4068,2/28/2019,Mandalay,Normal,Female,Fashion accessories,8.64,41.09,10
795-49-7276,3/23/2019,Yangon,Normal,Male,Fashion accessories,8.64,37.15,4
556-72-8512,1/30/2019,Naypyitaw,Normal,Male,Home and lifestyle,9.86,22.96,1
627-95-3243,2/4/2019,Mandalay,Member,Female,Home and lifestyle,9.86,77.68,9
686-41-0932,3/13/2019,Mandalay,Normal,Female,Fashion accessories,8.64,34.7,2
510-09-5628,3/15/2019,Yangon,Member,Female,Fashion accessories,8.64,19.66,10
608-04-3797,3/5/2019,Mandalay,Member,Female,Health and beauty,9.33,25.32,8
148-82-2527,3/5/2019,Naypyitaw,Member,Female,Home and lifestyle,9.86,12.12,10
437-53-3084,2/26/2019,Mandalay,Normal,Male,Fashion accessories,8.64,99.89,2
632-32-4574,3/20/2019,Mandalay,Normal,Male,Sports and travel,9.13,75.92,8
556-97-7101,1/1/2019,Naypyitaw,Normal,Female,Electronic accessories,9.8,63.22,2
862-59-8517,1/27/2019,Naypyitaw,Normal,Female,Food and beverages,9.4,90.24,6
401-18-8016,1/21/2019,Mandalay,Member,Female,Sports and travel,9.13,98.13,1
420-18-8989,2/2/2019,Yangon,Member,Female,Sports and travel,9.13,51.52,8
277-63-2961,2/3/2019,Mandalay,Member,Male,Sports and travel,9.13,73.97,1
573-98-8548,1/5/2019,Naypyitaw,Member,Female,Fashion accessories,8.64,31.9,1
620-02-2046,1/27/2019,Naypyitaw,Normal,Male,Home and lifestyle,9.86,69.4,2
282-35-2475,3/25/2019,Mandalay,Normal,Female,Sports and travel,9.13,93.31,2
511-54-3087,2/25/2019,Mandalay,Normal,Male,Sports and travel,9.13,88.45,1
726-29-6793,1/28/2019,Yangon,Member,Male,Electronic accessories,9.8,24.18,8
387-49-4215,1/8/2019,Mandalay,Member,Female,Sports and travel,9.13,48.5,3
862-17-9201,1/29/2019,Mandalay,Normal,Female,Food and beverages,9.4,84.05,6
291-21-5991,3/29/2019,Mandalay,Member,Male,Health and beauty,9.33,61.29,5
602-80-9671,2/9/2019,Naypyitaw,Member,Female,Home and lifestyle,9.86,15.95,6
347-72-6115,1/16/2019,Mandalay,Member,Female,Sports and travel,9.13,90.74,7
209-61-0206,1/5/2019,Yangon,Normal,Female,Home and lifestyle,9.86,42.91,5
595-27-4851,1/27/2019,Yangon,Normal,Female,Fashion accessories,8.64,54.28,7
189-52-0236,3/14/2019,Yangon,Normal,Male,Electronic accessories,9.8,99.55,7
503-07-0930,2/23/2019,Naypyitaw,Member,Male,Sports and travel,9.13,58.39,7
413-20-6708,3/18/2019,Naypyitaw,Member,Female,Fashion accessories,8.64,51.47,1
425-85-2085,3/29/2019,Mandalay,Member,Male,Health and beauty,9.33,54.86,5
521-18-7827,1/22/2019,Naypyitaw,Member,Male,Home and lifestyle,9.86,39.39,5
220-28-1851,3/1/2019,Yangon,Normal,Male,Home and lifestyle,9.86,34.73,2
600-38-9738,1/17/2019,Naypyitaw,Member,Male,Sports and travel,9.13,71.92,5
734-91-1155,3/26/2019,Mandalay,Normal,Female,Electronic accessories,9.8,45.71,3
451-28-5717,3/20/2019,Naypyitaw,Member,Female,Home and lifestyle,9.86,83.17,6
609-81-8548,2/6/2019,Yangon,Member,Female,Home and lifestyle,9.86,37.44,6
133-14-7229,1/1/2019,Naypyitaw,Normal,Male,Health and beauty,9.33,62.87,2
534-01-4457,1/27/2019,Yangon,Normal,Male,Food and beverages,9.4,81.71,6
719-89-8991,2/25/2019,Yangon,Member,Female,Sports and travel,9.13,91.41,5
286-62-6248,1/16/2019,Mandalay,Normal,Male,Fashion accessories,8.64,39.21,4
339-38-9982,1/13/2019,Mandalay,Member,Male,Fashion accessories,8.64,59.86,2
827-44-5872,2/7/2019,Mandalay,Member,Female,Food and beverages,9.4,54.36,10
827-77-7633,2/17/2019,Yangon,Normal,Male,Sports and travel,9.13,98.09,9
287-83-1405,2/12/2019,Yangon,Normal,Male,Health and beauty,9.33,25.43,6
435-13-4908,1/24/2019,Yangon,Member,Male,Fashion accessories,8.64,86.68,8
857-67-9057,2/6/2019,Mandalay,Normal,Male,Electronic accessories,9.8,22.95,10
236-27-1144,3/26/2019,Naypyitaw,Normal,Female,Food and beverages,9.4,16.31,9
892-05-6689,3/11/2019,Yangon,Normal,Female,Home and lifestyle,9.86,28.32,5
583-41-4548,2/7/2019,Naypyitaw,Normal,Male,Home and lifestyle,9.86,16.67,7
339-12-4827,1/5/2019,Mandalay,Member,Female,Fashion accessories,8.64,73.96,1
643-38-7867,3/7/2019,Yangon,Normal,Male,Home and lifestyle,9.86,97.94,1
308-81-0538,2/25/2019,Yangon,Normal,Female,Fashion accessories,8.64,73.05,4
358-88-9262,2/1/2019,Naypyitaw,Member,Female,Food and beverages,9.4,87.48,6
460-35-4390,1/22/2019,Yangon,Normal,Male,Home and lifestyle,9.86,30.68,3
343-87-0864,1/3/2019,Naypyitaw,Member,Male,Health and beauty,9.33,75.88,1
173-50-1108,2/13/2019,Mandalay,Member,Female,Sports and travel,9.13,20.18,4
243-47-2663,1/28/2019,Naypyitaw,Member,Male,Electronic accessories,9.8,18.77,6
841-18-8232,1/5/2019,Mandalay,Normal,Female,Food and beverages,9.4,71.2,1
701-23-5550,3/19/2019,Mandalay,Member,Male,Home and lifestyle,9.86,38.81,4
647-50-1224,1/12/2019,Yangon,Normal,Female,Fashion accessories,8.64,29.42,10
541-48-8554,1/7/2019,Yangon,Normal,Male,Sports and travel,9.13,60.95,9
539-21-7227,1/26/2019,Mandalay,Normal,Female,Sports and travel,9.13,51.54,5
213-32-1216,1/23/2019,Yangon,Normal,Female,Electronic accessories,9.8,66.06,6
747-58-7183,2/9/2019,Mandalay,Normal,Male,Fashion accessories,8.64,57.27,3
582-52-8065,2/22/2019,Mandalay,Normal,Female,Fashion accessories,8.64,54.31,9
210-57-1719,2/5/2019,Mandalay,Normal,Female,Health and beauty,9.33,58.24,9
399-69-4630,3/7/2019,Naypyitaw,Normal,Male,Electronic accessories,9.8,22.21,6
134-75-2619,3/25/2019,Yangon,Member,Male,Electronic accessories,9.8,19.32,7
356-44-8813,1/20/2019,Mandalay,Normal,Male,Home and lifestyle,9.86,37.48,3
198-66-9832,2/4/2019,Mandalay,Member,Female,Fashion accessories,8.64,72.04,2
283-26-5248,1/30/2019,Naypyitaw,Member,Female,Food and beverages,9.4,98.52,10
712-39-0363,1/2/2019,Yangon,Member,Male,Food and beverages,9.4,41.66,6
218-59-9410,3/29/2019,Yangon,Member,Female,Home and lifestyle,9.86,72.42,3
174-75-0888,3/14/2019,Mandalay,Normal,Male,Electronic accessories,9.8,21.58,9
866-99-7614,2/11/2019,Naypyitaw,Normal,Male,Food and beverages,9.4,89.2,10
134-54-4720,1/30/2019,Mandalay,Normal,Female,Electronic accessories,9.8,42.42,8
760-90-2357,3/20/2019,Yangon,Member,Male,Electronic accessories,9.8,74.51,6
514-37-2845,3/20/2019,Mandalay,Normal,Male,Fashion accessories,8.64,99.25,2
698-98-5964,1/17/2019,Yangon,Normal,Female,Food and beverages,9.4,81.21,10
718-57-9773,2/3/2019,Naypyitaw,Normal,Female,Sports and travel,9.13,49.33,10
651-88-7328,1/1/2019,Yangon,Normal,Female,Fashion accessories,8.64,65.74,9
241-11-2261,1/10/2019,Mandalay,Normal,Female,Fashion accessories,8.64,79.86,7
408-26-9866,3/2/2019,Naypyitaw,Normal,Female,Sports and travel,9.13,73.98,7
834-83-1826,2/25/2019,Mandalay,Member,Female,Home and lifestyle,9.86,82.04,5
343-61-3544,1/29/2019,Mandalay,Member,Male,Sports and travel,9.13,26.67,10
239-48-4278,3/10/2019,Yangon,Member,Male,Food and beverages,9.4,10.13,7
355-34-6244,1/13/2019,Mandalay,Normal,Male,Food and beverages,9.4,72.39,2
550-84-8664,3/22/2019,Yangon,Normal,Male,Sports and travel,9.13,85.91,5
339-96-8318,3/1/2019,Mandalay,Member,Male,Fashion accessories,8.64,81.31,7
458-61-0011,2/20/2019,Mandalay,Normal,Male,Food and beverages,9.4,60.3,4
592-34-6155,1/14/2019,Naypyitaw,Normal,Male,Food and beverages,9.4,31.77,4
797-88-0493,3/26/2019,Yangon,Normal,Female,Health and beauty,9.33,64.27,4
207-73-1363,3/1/2019,Mandalay,Normal,Male,Health and beauty,9.33,69.51,2
390-31-6381,1/7/2019,Naypyitaw,Normal,Male,Food and beverages,9.4,27.22,3
443-82-0585,2/1/2019,Yangon,Member,Female,Health and beauty,9.33,77.68,4
339-18-7061,2/13/2019,Naypyitaw,Member,Female,Fashion accessories,8.64,92.98,2
359-90-3665,1/14/2019,Mandalay,Member,Female,Fashion accessories,8.64,18.08,4
375-72-3056,1/19/2019,Mandalay,Normal,Male,Sports and travel,9.13,63.06,3
127-47-6963,3/9/2019,Yangon,Normal,Male,Health and beauty,9.33,51.71,4
278-86-2735,3/27/2019,Yangon,Normal,Female,Food and beverages,9.4,52.34,3
695-28-6250,2/4/2019,Yangon,Normal,Female,Sports and travel,9.13,43.06,5
379-17-6588,3/14/2019,Naypyitaw,Normal,Male,Fashion accessories,8.64,59.61,10
227-50-3718,3/4/2019,Yangon,Normal,Male,Health and beauty,9.33,14.62,5
302-15-2162,3/3/2019,Naypyitaw,Member,Male,Health and beauty,9.33,46.53,6
788-07-8452,1/27/2019,Naypyitaw,Member,Female,Home and lifestyle,9.86,24.24,7
560-49-6611,2/7/2019,Yangon,Member,Female,Sports and travel,9.13,45.58,1
880-35-0356,2/5/2019,Yangon,Member,Female,Sports and travel,9.13,75.2,3
585-11-6748,3/15/2019,Mandalay,Member,Male,Sports and travel,9.13,96.8,3
470-31-3286,3/1/2019,Mandalay,Normal,Male,Health and beauty,9.33,14.82,3
152-68-2907,2/15/2019,Yangon,Normal,Male,Food and beverages,9.4,52.2,3
123-35-4896,2/17/2019,Naypyitaw,Normal,Female,Sports and travel,9.13,46.66,9
258-69-7810,1/26/2019,Naypyitaw,Normal,Female,Fashion accessories,8.64,36.85,5
334-64-2006,3/24/2019,Yangon,Member,Female,Home and lifestyle,9.86,70.32,2
219-61-4139,1/23/2019,Naypyitaw,Normal,Male,Electronic accessories,9.8,83.08,1
881-41-7302,1/26/2019,Naypyitaw,Normal,Female,Fashion accessories,8.64,64.99,1
373-09-4567,3/14/2019,Naypyitaw,Normal,Male,Food and beverages,9.4,77.56,10
642-30-6693,3/17/2019,Mandalay,Normal,Female,Sports and travel,9.13,54.51,6
484-22-8230,1/8/2019,Naypyitaw,Member,Female,Fashion accessories,8.64,51.89,7
830-58-2383,2/8/2019,Mandalay,Normal,Male,Home and lifestyle,9.86,31.75,4
559-98-9873,2/10/2019,Yangon,Member,Female,Fashion accessories,8.64,53.65,7
544-32-5024,3/28/2019,Naypyitaw,Member,Female,Food and beverages,9.4,49.79,4
318-12-0304,1/23/2019,Yangon,Normal,Male,Fashion accessories,8.64,30.61,1
349-97-8902,1/17/2019,Mandalay,Member,Male,Food and beverages,9.4,57.89,2
421-95-9805,2/7/2019,Yangon,Normal,Female,Electronic accessories,9.8,28.96,1
277-35-5865,3/9/2019,Naypyitaw,Member,Female,Food and beverages,9.4,98.97,9
789-23-8625,1/24/2019,Mandalay,Member,Male,Fashion accessories,8.64,93.22,3
284-54-4231,1/19/2019,Naypyitaw,Member,Male,Sports and travel,9.13,80.93,1
443-59-0061,2/3/2019,Yangon,Member,Male,Food and beverages,9.4,67.45,10
509-29-3912,3/20/2019,Yangon,Member,Female,Sports and travel,9.13,38.72,9
327-40-9673,1/13/2019,Mandalay,Member,Male,Sports and travel,9.13,72.6,6
840-19-2096,3/14/2019,Naypyitaw,Member,Male,Electronic accessories,9.8,87.91,5
828-46-6863,1/23/2019,Yangon,Member,Male,Food and beverages,9.4,98.53,6
641-96-3695,2/7/2019,Naypyitaw,Member,Female,Fashion accessories,8.64,43.46,6
420-97-3340,3/28/2019,Yangon,Normal,Female,Food and beverages,9.4,71.68,3
436-54-4512,3/20/2019,Yangon,Member,Female,Food and beverages,9.4,91.61,1
670-79-6321,1/17/2019,Mandalay,Member,Female,Home and lifestyle,9.86,94.59,7
852-62-7105,1/12/2019,Mandalay,Normal,Female,Fashion accessories,8.64,83.25,10
598-06-7312,2/16/2019,Mandalay,Member,Male,Fashion accessories,8.64,91.35,1
135-13-8269,1/26/2019,Mandalay,Member,Female,Food and beverages,9.4,78.88,2
816-57-2053,3/9/2019,Yangon,Normal,Male,Sports and travel,9.13,60.87,2
628-90-8624,3/14/2019,Mandalay,Member,Male,Health and beauty,9.33,82.58,10
856-66-2701,1/25/2019,Yangon,Member,Male,Home and lifestyle,9.86,53.3,3
308-39-1707,1/26/2019,Yangon,Normal,Female,Fashion accessories,8.64,12.09,1
149-61-1929,1/19/2019,Yangon,Normal,Male,Sports and travel,9.13,64.19,10
655-07-2265,3/5/2019,Yangon,Normal,Male,Electronic accessories,9.8,78.31,3
589-02-8023,1/15/2019,Yangon,Member,Male,Food and beverages,9.4,83.77,2
420-04-7590,3/18/2019,Mandalay,Normal,Male,Home and lifestyle,9.86,99.7,3
182-88-2763,3/20/2019,Mandalay,Member,Male,Food and beverages,9.4,79.91,3
188-55-0967,1/15/2019,Mandalay,Member,Male,Health and beauty,9.33,66.47,10
610-46-4100,3/3/2019,Yangon,Normal,Male,Health and beauty,9.33,28.95,7
318-81-2368,3/19/2019,Naypyitaw,Normal,Female,Electronic accessories,9.8,46.2,1
364-33-8584,3/8/2019,Mandalay,Member,Female,Food and beverages,9.4,17.63,5
665-63-9737,2/27/2019,Mandalay,Normal,Male,Fashion accessories,8.64,52.42,3
695-09-5146,2/23/2019,Mandalay,Member,Female,Food and beverages,9.4,98.79,3
155-45-3814,3/19/2019,Naypyitaw,Member,Female,Electronic accessories,9.8,88.55,8
794-32-2436,3/27/2019,Mandalay,Member,Male,Electronic accessories,9.8,55.67,2
131-15-8856,3/30/2019,Naypyitaw,Member,Female,Food and beverages,9.4,72.52,8
273-84-2164,2/16/2019,Naypyitaw,Member,Male,Electronic accessories,9.8,12.05,5
706-36-6154,1/18/2019,Yangon,Member,Male,Home and lifestyle,9.86,19.36,9
778-89-7974,3/30/2019,Naypyitaw,Normal,Male,Health and beauty,9.33,70.21,6
574-31-8277,3/20/2019,Mandalay,Member,Male,Fashion accessories,8.64,33.63,1
859-71-0933,1/16/2019,Naypyitaw,Member,Female,Sports and travel,9.13,15.49,2
740-11-5257,2/24/2019,Naypyitaw,Normal,Male,Electronic accessories,9.8,24.74,10
369-82-2676,1/15/2019,Mandalay,Normal,Male,Electronic accessories,9.8,75.66,5
563-47-4072,1/22/2019,Mandalay,Normal,Female,Health and beauty,9.33,55.81,6
742-04-5161,2/3/2019,Yangon,Member,Male,Home and lifestyle,9.86,72.78,10
149-15-7606,3/6/2019,Mandalay,Member,Male,Sports and travel,9.13,37.32,9
133-77-3154,2/16/2019,Mandalay,Member,Male,Fashion accessories,8.64,60.18,4
169-52-4504,3/14/2019,Yangon,Normal,Female,Electronic accessories,9.8,15.69,3
250-81-7186,2/27/2019,Naypyitaw,Normal,Female,Electronic accessories,9.8,99.69,1
562-12-5430,1/18/2019,Yangon,Member,Female,Fashion accessories,8.64,88.15,3
816-72-8853,1/29/2019,Yangon,Member,Female,Sports and travel,9.13,27.93,5
491-38-3499,2/26/2019,Yangon,Member,Male,Fashion accessories,8.64,55.45,1
322-02-2271,2/3/2019,Mandalay,Normal,Female,Sports and travel,9.13,42.97,3
842-29-4695,1/16/2019,Naypyitaw,Member,Male,Sports and travel,9.13,17.14,7
725-67-2480,3/24/2019,Mandalay,Member,Female,Fashion accessories,8.64,58.75,6
641-51-2661,2/12/2019,Naypyitaw,Member,Female,Food and beverages,9.4,87.1,10
714-02-3114,2/21/2019,Naypyitaw,Normal,Female,Sports and travel,9.13,98.8,2
518-17-2983,2/4/2019,Yangon,Normal,Female,Fashion accessories,8.64,48.63,4
779-42-2410,2/20/2019,Mandalay,Member,Male,Food and beverages,9.4,57.74,3
190-14-3147,2/23/2019,Mandalay,Normal,Female,Health and beauty,9.33,17.97,4
408-66-6712,2/16/2019,Naypyitaw,Member,Female,Health and beauty,9.33,47.71,6
679-22-6530,1/17/2019,Mandalay,Normal,Female,Sports and travel,9.13,40.62,2
588-47-8641,1/14/2019,Yangon,Member,Male,Fashion accessories,8.64,56.04,10
642-61-4706,3/30/2019,Mandalay,Member,Male,Food and beverages,9.4,93.4,2
576-31-4774,3/2/2019,Mandalay,Normal,Female,Health and beauty,9.33,73.41,3
556-41-6224,2/15/2019,Naypyitaw,Normal,Male,Health and beauty,9.33,33.64,8
811-03-8790,3/1/2019,Yangon,Normal,Female,Electronic accessories,9.8,45.48,10
242-11-3142,2/24/2019,Mandalay,Member,Male,Fashion accessories,8.64,83.77,2
752-23-3760,2/19/2019,Mandalay,Member,Female,Sports and travel,9.13,64.08,7
274-05-5470,2/23/2019,Yangon,Member,Female,Food and beverages,9.4,73.47,4
648-94-3045,2/7/2019,Naypyitaw,Normal,Male,Health and beauty,9.33,58.95,10
130-67-4723,1/11/2019,Yangon,Member,Male,Food and beverages,9.4,48.5,6
528-87-5606,2/12/2019,Mandalay,Member,Female,Electronic accessories,9.8,39.48,1
320-85-2052,1/14/2019,Mandalay,Normal,Female,Sports and travel,9.13,34.81,1
370-96-0655,1/9/2019,Naypyitaw,Normal,Female,Fashion accessories,8.64,49.32,6
105-10-6182,2/27/2019,Yangon,Member,Male,Fashion accessories,8.64,21.48,2
510-79-0415,1/24/2019,Mandalay,Member,Female,Sports and travel,9.13,23.08,6
241-96-5076,1/8/2019,Mandalay,Member,Female,Home and lifestyle,9.86,49.1,2
767-97-4650,1/8/2019,Mandalay,Member,Female,Sports and travel,9.13,64.83,2
648-83-1321,1/16/2019,Yangon,Member,Male,Home and lifestyle,9.86,63.56,10
173-57-2300,3/13/2019,Naypyitaw,Member,Male,Sports and travel,9.13,72.88,2
305-03-2383,2/15/2019,Yangon,Normal,Female,Food and beverages,9.4,67.1,3
394-55-6384,1/25/2019,Naypyitaw,Member,Female,Sports and travel,9.13,70.19,9
266-20-6657,3/12/2019,Naypyitaw,Member,Male,Food and beverages,9.4,55.04,7
689-05-1884,3/4/2019,Yangon,Member,Male,Health and beauty,9.33,48.63,10
196-01-2849,2/10/2019,Naypyitaw,Member,Female,Fashion accessories,8.64,73.38,7
372-62-5264,1/16/2019,Naypyitaw,Normal,Female,Food and beverages,9.4,52.6,9
800-09-8606,1/29/2019,Yangon,Member,Female,Home and lifestyle,9.86,87.37,5
182-52-7000,1/1/2019,Yangon,Member,Female,Sports and travel,9.13,27.04,4
826-58-8051,1/6/2019,Mandalay,Normal,Male,Home and lifestyle,9.86,62.19,4
868-06-0466,2/19/2019,Yangon,Member,Male,Electronic accessories,9.8,69.58,9
751-41-9720,1/12/2019,Naypyitaw,Normal,Male,Home and lifestyle,9.86,97.5,10
626-43-7888,2/7/2019,Naypyitaw,Normal,Female,Fashion accessories,8.64,60.41,8
176-64-7711,3/27/2019,Mandalay,Normal,Male,Food and beverages,9.4,32.32,3
191-29-0321,2/27/2019,Mandalay,Member,Female,Fashion accessories,8.64,19.77,10
729-06-2010,1/6/2019,Mandalay,Member,Male,Health and beauty,9.33,80.47,9
640-48-5028,3/2/2019,Mandalay,Member,Female,Home and lifestyle,9.86,88.39,9
186-79-9562,3/29/2019,Mandalay,Normal,Male,Health and beauty,9.33,71.77,7
834-45-5519,1/31/2019,Mandalay,Normal,Female,Electronic accessories,9.8,43.0,4
162-65-8559,1/21/2019,Naypyitaw,Member,Male,Food and beverages,9.4,68.98,1
760-27-5490,1/20/2019,Naypyitaw,Normal,Male,Fashion accessories,8.64,15.62,8
445-30-9252,1/17/2019,Yangon,Normal,Male,Sports and travel,9.13,25.7,3
786-94-2700,2/28/2019,Yangon,Member,Male,Food and beverages,9.4,80.62,6
728-88-7867,3/19/2019,Naypyitaw,Member,Female,Home and lifestyle,9.86,75.53,4
183-21-3799,2/19/2019,Naypyitaw,Normal,Female,Electronic accessories,9.8,77.63,9
268-20-3585,2/4/2019,Naypyitaw,Normal,Female,Health and beauty,9.33,13.85,9
735-32-9839,1/31/2019,Naypyitaw,Member,Male,Fashion accessories,8.64,98.7,8
258-92-7466,2/6/2019,Yangon,Normal,Female,Health and beauty,9.33,35.68,5
857-16-3520,3/28/2019,Yangon,Member,Female,Fashion accessories,8.64,71.46,7
482-17-1179,1/19/2019,Yangon,Member,Male,Electronic accessories,9.8,11.94,3
788-21-5741,2/17/2019,Yangon,Normal,Male,Fashion accessories,8.64,45.38,3
821-14-9046,1/18/2019,Mandalay,Member,Female,Fashion accessories,8.64,17.48,6
418-05-0656,2/2/2019,Mandalay,Normal,Female,Fashion accessories,8.64,25.56,7
678-79-0726,1/18/2019,Naypyitaw,Member,Female,Sports and travel,9.13,90.63,9
776-68-1096,3/18/2019,Mandalay,Normal,Male,Home and lifestyle,9.86,44.12,3
592-46-1692,1/11/2019,Naypyitaw,Member,Female,Food and beverages,9.4,36.77,7
434-35-9162,2/4/2019,Mandalay,Member,Male,Food and beverages,9.4,23.34,4
149-14-0304,2/6/2019,Naypyitaw,Member,Female,Health and beauty,9.33,28.5,8
442-44-6497,1/8/2019,Naypyitaw,Member,Male,Home and lifestyle,9.86,55.57,3
174-64-0215,3/5/2019,Mandalay,Normal,Male,Sports and travel,9.13,69.74,10
210-74-9613,3/16/2019,Naypyitaw,Normal,Male,Fashion accessories,8.64,97.26,4
299-29-0180,3/9/2019,Mandalay,Member,Female,Home and lifestyle,9.86,52.18,7
247-11-2470,3/1/2019,Yangon,Member,Female,Fashion accessories,8.64,22.32,4
635-28-5728,2/28/2019,Yangon,Normal,Male,Health and beauty,9.33,56.0,3
756-49-0168,2/8/2019,Yangon,Member,Male,Fashion accessories,8.64,19.7,1
438-23-1242,1/24/2019,Mandalay,Normal,Male,Electronic accessories,9.8,75.88,7
238-45-6950,3/1/2019,Mandalay,Member,Male,Food and beverages,9.4,53.72,1
607-65-2441,3/10/2019,Naypyitaw,Member,Male,Health and beauty,9.33,81.95,10
386-27-7606,3/23/2019,Naypyitaw,Member,Female,Home and lifestyle,9.86,81.2,7
137-63-5492,1/29/2019,Naypyitaw,Normal,Male,Electronic accessories,9.8,58.76,10
197-77-7132,1/12/2019,Mandalay,Member,Male,Electronic accessories,9.8,91.56,8
805-86-0265,3/20/2019,Yangon,Normal,Male,Home and lifestyle,9.86,93.96,9
733-29-1227,3/23/2019,Naypyitaw,Normal,Male,Home and lifestyle,9.86,55.61,7
451-73-2711,1/14/2019,Naypyitaw,Normal,Male,Food and beverages,9.4,84.83,1
373-14-0504,2/12/2019,Yangon,Member,Female,Sports and travel,9.13,71.63,2
546-80-2899,2/20/2019,Yangon,Member,Male,Home and lifestyle,9.86,37.69,2
345-68-9016,1/2/2019,Naypyitaw,Member,Female,Sports and travel,9.13,31.67,8
390-17-5806,2/2/2019,Naypyitaw,Member,Female,Food and beverages,9.4,38.42,1
457-13-1708,1/8/2019,Mandalay,Member,Male,Fashion accessories,8.64,65.23,10
664-14-2882,1/30/2019,Naypyitaw,Member,Female,Home and lifestyle,9.86,10.53,5
487-79-6868,3/26/2019,Mandalay,Member,Female,Home and lifestyle,9.86,12.29,9
314-23-4520,1/15/2019,Naypyitaw,Member,Male,Health and beauty,9.33,81.23,7
210-30-7976,3/14/2019,Mandalay,Member,Female,Fashion accessories,8.64,22.32,4
585-86-8361,2/3/2019,Yangon,Normal,Female,Food and beverages,9.4,27.28,5
807-14-7833,2/22/2019,Yangon,Member,Female,Electronic accessories,9.8,17.42,10
775-72-1988,1/24/2019,Mandalay,Normal,Male,Home and lifestyle,9.86,73.28,5
288-38-3758,1/25/2019,Naypyitaw,Member,Female,Fashion accessories,8.64,84.87,3
652-43-6591,3/9/2019,Yangon,Normal,Female,Fashion accessories,8.64,97.29,8
785-96-0615,2/17/2019,Mandalay,Member,Female,Electronic accessories,9.8,35.74,8
406-46-7107,1/11/2019,Yangon,Normal,Female,Home and lifestyle,9.86,96.52,6
250-17-5703,2/27/2019,Yangon,Member,Male,Food and beverages,9.4,18.85,10
156-95-3964,3/25/2019,Yangon,Normal,Female,Food and beverages,9.4,55.39,4
842-40-8179,2/11/2019,Mandalay,Member,Female,Food and beverages,9.4,77.2,10
525-09-8450,1/31/2019,Mandalay,Normal,Male,Electronic accessories,9.8,72.13,10
410-67-1709,1/20/2019,Yangon,Member,Female,Fashion accessories,8.64,63.88,8
587-73-4862,3/26/2019,Yangon,Member,Female,Health and beauty,9.33,10.69,5
787-87-2010,1/20/2019,Yangon,Member,Male,Health and beauty,9.33,55.5,4
593-14-4239,3/5/2019,Mandalay,Normal,Female,Home and lifestyle,9.86,95.46,8
801-88-0346,1/5/2019,Naypyitaw,Normal,Female,Fashion accessories,8.64,76.06,3
388-76-2555,2/13/2019,Mandalay,Normal,Male,Sports and travel,9.13,13.69,6
711-31-1234,3/16/2019,Mandalay,Normal,Female,Electronic accessories,9.8,95.64,4
886-54-6089,1/15/2019,Yangon,Normal,Female,Home and lifestyle,9.86,11.43,6
707-32-7409,2/26/2019,Mandalay,Member,Female,Sports and travel,9.13,95.54,4
759-98-4285,2/27/2019,Naypyitaw,Member,Female,Health and beauty,9.33,85.87,7
201-63-8275,2/17/2019,Naypyitaw,Member,Female,Sports and travel,9.13,67.99,7
471-06-8611,2/6/2019,Naypyitaw,Normal,Female,Food and beverages,9.4,52.42,1
200-16-5952,1/17/2019,Naypyitaw,Member,Male,Food and beverages,9.4,65.65,2
120-54-2248,1/22/2019,Mandalay,Normal,Female,Food and beverages,9.4,28.86,5
102-77-2261,3/5/2019,Naypyitaw,Member,Male,Health and beauty,9.33,65.31,7
875-31-8302,1/3/2019,Mandalay,Normal,Male,Sports and travel,9.13,93.38,1
102-06-2002,3/20/2019,Naypyitaw,Member,Male,Sports and travel,9.13,25.25,5
457-94-0464,1/31/2019,Mandalay,Member,Male,Electronic accessories,9.8,87.87,9
629-42-4133,2/19/2019,Naypyitaw,Normal,Male,Health and beauty,9.33,21.8,8
534-53-3526,2/11/2019,Yangon,Normal,Female,Sports and travel,9.13,94.76,4
307-04-2070,2/5/2019,Yangon,Member,Female,Fashion accessories,8.64,30.62,1
468-99-7231,3/3/2019,Naypyitaw,Normal,Female,Home and lifestyle,9.86,44.01,8
516-77-6464,2/24/2019,Naypyitaw,Member,Female,Health and beauty,9.33,10.16,5
404-91-5964,2/4/2019,Yangon,Normal,Male,Electronic accessories,9.8,74.58,7
886-77-9084,2/19/2019,Naypyitaw,Normal,Male,Electronic accessories,9.8,71.89,8
790-38-4466,1/23/2019,Naypyitaw,Normal,Female,Health and beauty,9.33,10.99,5
704-10-4056,1/14/2019,Naypyitaw,Member,Male,Health and beauty,9.33,60.47,3
497-37-6538,1/17/2019,Yangon,Normal,Male,Sports and travel,9.13,58.91,7
651-96-5970,3/3/2019,Yangon,Normal,Male,Fashion accessories,8.64,46.41,1
400-80-4065,2/15/2019,Naypyitaw,Member,Male,Health and beauty,9.33,68.55,4
744-16-7898,1/15/2019,Mandalay,Normal,Female,Home and lifestyle,9.86,97.37,10
263-12-5321,2/27/2019,Yangon,Member,Male,Electronic accessories,9.8,92.6,7
702-72-0487,2/26/2019,Yangon,Normal,Female,Electronic accessories,9.8,46.61,2
605-83-1050,3/15/2019,Mandalay,Normal,Male,Fashion accessories,8.64,27.18,2
443-60-9639,1/24/2019,Naypyitaw,Member,Female,Home and lifestyle,9.86,60.87,1
864-24-7918,2/22/2019,Yangon,Member,Female,Sports and travel,9.13,24.49,10
359-94-5395,3/15/2019,Mandalay,Normal,Male,Health and beauty,9.33,92.78,1
401-09-4232,2/11/2019,Naypyitaw,Member,Male,Home and lifestyle,9.86,86.69,5
751-15-6198,1/12/2019,Mandalay,Normal,Male,Sports and travel,9.13,23.01,6
324-41-6833,3/3/2019,Naypyitaw,Member,Female,Electronic accessories,9.8,30.2,8
474-33-8305,3/23/2019,Naypyitaw,Member,Male,Fashion accessories,8.64,67.39,7
759-29-9521,3/4/2019,Yangon,Member,Female,Fashion accessories,8.64,48.96,9
831-81-6575,2/23/2019,Mandalay,Member,Female,Electronic accessories,9.8,75.59,9
220-68-6701,3/17/2019,Yangon,Normal,Female,Home and lifestyle,9.86,77.47,4
618-34-8551,1/16/2019,Yangon,Normal,Female,Sports and travel,9.13,93.18,2
257-60-7754,1/8/2019,Yangon,Normal,Female,Electronic accessories,9.8,50.23,4
559-61-5987,1/14/2019,Mandalay,Normal,Female,Health and beauty,9.33,17.75,1
189-55-2313,1/31/2019,Naypyitaw,Normal,Female,Fashion accessories,8.64,62.18,10
565-91-4567,3/15/2019,Mandalay,Normal,Male,Health and beauty,9.33,10.75,8
380-60-5336,2/24/2019,Yangon,Normal,Female,Electronic accessories,9.8,40.26,10
815-04-6282,2/8/2019,Naypyitaw,Member,Female,Sports and travel,9.13,64.97,5
674-56-6360,3/22/2019,Yangon,Normal,Male,Electronic accessories,9.8,95.15,1
778-34-2523,1/24/2019,Yangon,Member,Female,Electronic accessories,9.8,48.62,8
499-27-7781,3/14/2019,Mandalay,Normal,Female,Food and beverages,9.4,53.21,8
477-59-2456,1/23/2019,Naypyitaw,Normal,Female,Fashion accessories,8.64,45.44,7
832-51-6761,1/19/2019,Yangon,Normal,Male,Food and beverages,9.4,33.88,8
869-11-3082,1/27/2019,Mandalay,Member,Male,Health and beauty,9.33,96.16,4
190-59-3964,2/3/2019,Mandalay,Member,Male,Food and beverages,9.4,47.16,5
366-43-6862,3/25/2019,Mandalay,Normal,Male,Electronic accessories,9.8,52.89,4
186-43-8965,2/24/2019,Yangon,Member,Female,Home and lifestyle,9.86,47.68,2
784-21-9238,2/7/2019,Naypyitaw,Member,Male,Sports and travel,9.13,10.17,1
276-75-6884,3/4/2019,Yangon,Normal,Female,Health and beauty,9.33,68.71,3
109-86-4363,2/14/2019,Mandalay,Member,Female,Sports and travel,9.13,60.08,7
569-76-2760,1/29/2019,Yangon,Member,Female,Sports and travel,9.13,22.01,4
222-42-0244,1/28/2019,Mandalay,Member,Female,Health and beauty,9.33,72.11,9
760-53-9233,3/26/2019,Yangon,Member,Male,Fashion accessories,8.64,41.28,3
538-22-0304,3/24/2019,Naypyitaw,Normal,Male,Electronic accessories,9.8,64.95,10
416-17-9926,1/1/2019,Yangon,Member,Female,Electronic accessories,9.8,74.22,10
237-44-6163,1/24/2019,Yangon,Normal,Male,Electronic accessories,9.8,10.56,8
636-17-0325,2/25/2019,Mandalay,Normal,Male,Health and beauty,9.33,62.57,4
343-75-9322,1/9/2019,Mandalay,Member,Female,Sports and travel,9.13,11.85,8
528-14-9470,2/14/2019,Yangon,Member,Male,Health and beauty,9.33,91.3,1
427-45-9297,3/12/2019,Mandalay,Member,Female,Home and lifestyle,9.86,40.73,7
807-34-3742,3/26/2019,Yangon,Normal,Male,Fashion accessories,8.64,52.38,1
288-62-1085,1/9/2019,Yangon,Member,Male,Fashion accessories,8.64,38.54,5
670-71-7306,1/2/2019,Mandalay,Normal,Male,Sports and travel,9.13,44.63,6
660-29-7083,1/15/2019,Naypyitaw,Normal,Male,Electronic accessories,9.8,55.87,10
271-77-8740,1/1/2019,Naypyitaw,Member,Female,Sports and travel,9.13,29.22,6
497-36-0989,2/15/2019,Yangon,Normal,Male,Fashion accessories,8.64,51.94,3
291-59-1384,2/28/2019,Mandalay,Normal,Male,Electronic accessories,9.8,60.3,1
860-73-6466,3/2/2019,Yangon,Member,Female,Sports and travel,9.13,39.47,2
549-23-9016,2/13/2019,Naypyitaw,Member,Female,Food and beverages,9.4,14.87,2
896-34-0956,1/26/2019,Yangon,Normal,Male,Fashion accessories,8.64,21.32,1
804-38-3935,1/30/2019,Yangon,Member,Male,Electronic accessories,9.8,93.78,3
585-90-0249,1/27/2019,Yangon,Member,Male,Electronic accessories,9.8,73.26,1
862-29-5914,1/30/2019,Naypyitaw,Normal,Female,Sports and travel,9.13,22.38,1
845-94-6841,1/8/2019,Naypyitaw,Member,Female,Food and beverages,9.4,72.88,9
125-45-2293,1/19/2019,Yangon,Normal,Female,Fashion accessories,8.64,99.1,6
843-73-4724,1/25/2019,Yangon,Normal,Male,Fashion accessories,8.64,74.1,1
409-33-9708,2/19/2019,Yangon,Normal,Female,Fashion accessories,8.64,98.48,2
658-66-3967,1/14/2019,Naypyitaw,Normal,Male,Health and beauty,9.33,53.19,7
866-70-2814,2/25/2019,Mandalay,Normal,Female,Electronic accessories,9.8,52.79,10
160-22-2687,1/23/2019,Yangon,Member,Female,Health and beauty,9.33,95.95,5
895-03-6665,2/16/2019,Mandalay,Normal,Female,Fashion accessories,8.64,36.51,9
770-42-8960,1/1/2019,Mandalay,Normal,Male,Food and beverages,9.4,21.12,8
748-45-2862,3/7/2019,Yangon,Member,Female,Home and lifestyle,9.86,28.31,4
234-36-2483,2/15/2019,Mandalay,Normal,Male,Health and beauty,9.33,57.59,6
316-66-3011,1/23/2019,Yangon,Member,Female,Food and beverages,9.4,47.63,9
848-95-6252,2/20/2019,Naypyitaw,Member,Female,Home and lifestyle,9.86,86.27,1
840-76-5966,1/8/2019,Yangon,Member,Male,Sports and travel,9.13,12.76,2
152-03-4217,3/17/2019,Mandalay,Normal,Female,Home and lifestyle,9.86,11.28,9
533-66-5566,1/12/2019,Mandalay,Normal,Female,Home and lifestyle,9.86,51.07,7
124-31-1458,1/8/2019,Yangon,Member,Female,Electronic accessories,9.8,79.59,3
176-78-1170,1/26/2019,Naypyitaw,Member,Male,Health and beauty,9.33,33.81,3
361-59-0574,3/15/2019,Mandalay,Member,Male,Sports and travel,9.13,90.53,8
101-81-4070,1/17/2019,Naypyitaw,Member,Female,Health and beauty,9.33,62.82,2
631-34-1880,1/8/2019,Naypyitaw,Member,Male,Food and beverages,9.4,24.31,3
852-82-2749,1/6/2019,Yangon,Normal,Male,Sports and travel,9.13,64.59,4
873-14-6353,2/16/2019,Yangon,Member,Male,Food and beverages,9.4,24.82,7
584-66-4073,3/13/2019,Naypyitaw,Normal,Male,Fashion accessories,8.64,56.5,1
544-55-9589,1/28/2019,Mandalay,Member,Female,Electronic accessories,9.8,21.43,10
166-19-2553,1/18/2019,Yangon,Member,Male,Sports and travel,9.13,89.06,6
737-88-5876,3/19/2019,Yangon,Member,Male,Home and lifestyle,9.86,23.29,4
154-87-7367,3/15/2019,Naypyitaw,Normal,Male,Home and lifestyle,9.86,65.26,8
885-56-0389,2/12/2019,Naypyitaw,Member,Male,Fashion accessories,8.64,52.35,1
608-05-3804,2/25/2019,Mandalay,Member,Male,Electronic accessories,9.8,39.75,1
448-61-3783,3/21/2019,Yangon,Normal,Female,Electronic accessories,9.8,90.02,8
761-49-0439,1/19/2019,Mandalay,Member,Female,Electronic accessories,9.8,12.1,8
490-95-0021,1/8/2019,Mandalay,Member,Female,Food and beverages,9.4,33.21,10
115-38-7388,3/30/2019,Naypyitaw,Member,Female,Fashion accessories,8.64,10.18,8
311-13-6971,2/20/2019,Mandalay,Member,Male,Sports and travel,9.13,31.99,10
291-55-6563,3/30/2019,Yangon,Member,Female,Home and lifestyle,9.86,34.42,6
548-48-3156,3/19/2019,Yangon,Member,Female,Food and beverages,9.4,83.34,2
460-93-5834,1/13/2019,Yangon,Normal,Male,Sports and travel,9.13,45.58,7
325-89-4209,2/5/2019,Yangon,Member,Male,Food and beverages,9.4,87.9,1
884-80-6021,3/23/2019,Yangon,Member,Female,Electronic accessories,9.8,73.47,10
137-74-8729,3/13/2019,Naypyitaw,Normal,Female,Fashion accessories,8.64,12.19,8
880-46-5796,3/17/2019,Yangon,Member,Male,Sports and travel,9.13,76.92,10
389-70-2397,2/21/2019,Naypyitaw,Normal,Female,Health and beauty,9.33,83.66,5
114-35-5271,2/7/2019,Mandalay,Normal,Female,Electronic accessories,9.8,57.91,8
607-76-6216,3/2/2019,Naypyitaw,Member,Female,Fashion accessories,8.64,92.49,5
715-20-1673,3/6/2019,Mandalay,Normal,Male,Electronic accessories,9.8,28.38,5
811-35-1094,2/6/2019,Mandalay,Member,Male,Electronic accessories,9.8,50.45,6
699-88-1972,1/28/2019,Mandalay,Normal,Male,Health and beauty,9.33,99.16,8
781-84-8059,1/18/2019,Naypyitaw,Normal,Male,Fashion accessories,8.64,60.74,7
409-49-6995,2/5/2019,Naypyitaw,Member,Female,Food and beverages,9.4,47.27,6
725-54-0677,3/2/2019,Naypyitaw,Member,Male,Health and beauty,9.33,85.6,7
146-09-5432,2/9/2019,Yangon,Member,Male,Food and beverages,9.4,35.04,9
377-79-7592,1/14/2019,Naypyitaw,Member,Female,Electronic accessories,9.8,44.84,9
509-10-0516,2/9/2019,Mandalay,Normal,Male,Home and lifestyle,9.86,45.97,4
595-94-9924,3/26/2019,Yangon,Member,Female,Health and beauty,9.33,27.73,5
865-41-9075,1/28/2019,Yangon,Normal,Male,Food and beverages,9.4,11.53,7
545-07-8534,2/14/2019,Naypyitaw,Normal,Female,Health and beauty,9.33,58.32,2
118-62-1812,3/24/2019,Naypyitaw,Member,Female,Home and lifestyle,9.86,78.38,4
450-42-3339,2/9/2019,Naypyitaw,Normal,Male,Health and beauty,9.33,84.61,10
851-98-3555,3/24/2019,Mandalay,Normal,Female,Health and beauty,9.33,82.88,5
186-71-5196,3/27/2019,Yangon,Member,Female,Food and beverages,9.4,79.54,2
624-01-8356,1/27/2019,Mandalay,Normal,Female,Home and lifestyle,9.86,49.01,10
313-66-9943,3/27/2019,Mandalay,Member,Female,Food and beverages,9.4,29.15,3
151-27-8496,1/19/2019,Naypyitaw,Normal,Female,Electronic accessories,9.8,56.13,4
453-33-6436,2/7/2019,Yangon,Normal,Female,Home and lifestyle,9.86,93.12,8
522-57-8364,1/31/2019,Yangon,Member,Male,Fashion accessories,8.64,51.34,8
459-45-2396,2/25/2019,Yangon,Member,Female,Food and beverages,9.4,99.6,3
717-96-4189,2/2/2019,Naypyitaw,Normal,Female,Electronic accessories,9.8,35.49,6
722-13-2115,3/14/2019,Naypyitaw,Member,Male,Sports and travel,9.13,42.85,1
749-81-8133,3/11/2019,Yangon,Normal,Female,Fashion accessories,8.64,94.67,4
777-67-2495,2/22/2019,Mandalay,Normal,Male,Home and lifestyle,9.86,68.97,3
636-98-3364,3/2/2019,Mandalay,Member,Female,Electronic accessories,9.8,26.26,3
246-55-6923,3/10/2019,Naypyitaw,Member,Female,Home and lifestyle,9.86,35.79,9
181-82-6255,2/8/2019,Mandalay,Normal,Female,Home and lifestyle,9.86,16.37,6
838-02-1821,2/22/2019,Naypyitaw,Member,Female,Home and lifestyle,9.86,12.73,2
887-42-0517,1/10/2019,Naypyitaw,Normal,Female,Sports and travel,9.13,83.14,7
457-12-0244,3/14/2019,Naypyitaw,Member,Female,Sports and travel,9.13,35.22,6
226-34-0034,1/10/2019,Mandalay,Normal,Female,Electronic accessories,9.8,13.78,4
321-49-7382,2/15/2019,Mandalay,Member,Male,Sports and travel,9.13,88.31,1
397-25-8725,1/13/2019,Yangon,Member,Female,Health and beauty,9.33,39.62,9
431-66-2305,2/15/2019,Mandalay,Normal,Female,Electronic accessories,9.8,88.25,9
825-94-5922,3/2/2019,Mandalay,Normal,Male,Sports and travel,9.13,25.31,2
641-62-7288,3/24/2019,Mandalay,Normal,Male,Home and lifestyle,9.86,99.92,6
756-93-1854,2/2/2019,Naypyitaw,Member,Female,Fashion accessories,8.64,83.35,2
243-55-8457,2/27/2019,Yangon,Normal,Female,Food and beverages,9.4,74.44,10
458-10-8612,1/20/2019,Naypyitaw,Normal,Male,Health and beauty,9.33,64.08,7
501-61-1753,1/3/2019,Mandalay,Normal,Female,Home and lifestyle,9.86,63.15,6
235-06-8510,1/24/2019,Naypyitaw,Member,Male,Home and lifestyle,9.86,85.72,3
433-08-7822,1/5/2019,Naypyitaw,Normal,Female,Health and beauty,9.33,78.89,7
361-85-2571,3/30/2019,Yangon,Normal,Female,Sports and travel,9.13,89.48,5
131-70-8179,2/17/2019,Yangon,Member,Female,Health and beauty,9.33,92.09,3
500-02-2261,3/21/2019,Naypyitaw,Normal,Female,Food and beverages,9.4,57.29,6
720-72-2436,3/2/2019,Yangon,Normal,Male,Food and beverages,9.4,66.52,4
702-83-5291,3/27/2019,Naypyitaw,Member,Male,Fashion accessories,8.64,99.82,9
809-69-9497,1/19/2019,Yangon,Normal,Female,Home and lifestyle,9.86,45.68,10
449-16-6770,2/19/2019,Yangon,Normal,Male,Health and beauty,9.33,50.79,5
333-23-2632,3/28/2019,Yangon,Member,Male,Health and beauty,9.33,10.08,7
489-82-1237,1/5/2019,Yangon,Normal,Female,Electronic accessories,9.8,93.88,7
859-97-6048,3/26/2019,Naypyitaw,Member,Male,Electronic accessories,9.8,84.25,2
676-10-2200,2/3/2019,Mandalay,Member,Male,Fashion accessories,8.64,53.78,1
373-88-1424,2/6/2019,Naypyitaw,Member,Male,Home and lifestyle,9.86,35.81,5
365-16-4334,2/24/2019,Mandalay,Normal,Female,Food and beverages,9.4,26.43,8
503-21-4385,2/21/2019,Mandalay,Member,Male,Health and beauty,9.33,39.91,3
305-89-2768,1/9/2019,Mandalay,Member,Female,Home and lifestyle,9.86,21.9,3
574-80-1489,2/25/2019,Mandalay,Member,Female,Food and beverages,9.4,62.85,4
784-08-0310,1/13/2019,Naypyitaw,Member,Female,Food and beverages,9.4,21.04,4
200-40-6154,2/9/2019,Mandalay,Member,Male,Home and lifestyle,9.86,65.91,6
846-10-0341,1/6/2019,Yangon,Normal,Female,Fashion accessories,8.64,42.57,7
577-34-7579,1/10/2019,Naypyitaw,Member,Male,Food and beverages,9.4,50.49,9
430-02-3888,2/7/2019,Mandalay,Normal,Male,Electronic accessories,9.8,46.02,6
867-47-1948,1/9/2019,Naypyitaw,Normal,Female,Home and lifestyle,9.86,15.8,10
384-59-6655,2/19/2019,Yangon,Member,Female,Food and beverages,9.4,98.66,9
256-58-3609,3/18/2019,Naypyitaw,Member,Male,Fashion accessories,8.64,91.98,1
324-92-3863,2/5/2019,Yangon,Member,Male,Electronic accessories,9.8,20.89,2
593-08-5916,3/19/2019,Yangon,Normal,Female,Fashion accessories,8.64,15.5,1
364-34-2972,3/30/2019,Naypyitaw,Member,Male,Electronic accessories,9.8,96.82,3
794-42-3736,1/26/2019,Mandalay,Normal,Male,Food and beverages,9.4,33.33,2
172-42-8274,3/2/2019,Mandalay,Normal,Female,Electronic accessories,9.8,38.27,2
558-60-5016,3/4/2019,Yangon,Normal,Female,Home and lifestyle,9.86,33.3,9
195-06-0432,1/13/2019,Yangon,Member,Male,Home and lifestyle,9.86,81.01,3
605-03-2706,3/25/2019,Yangon,Normal,Female,Health and beauty,9.33,15.8,3
214-30-2776,3/11/2019,Mandalay,Member,Female,Electronic accessories,9.8,34.49,5
746-04-1077,1/1/2019,Mandalay,Member,Female,Food and beverages,9.4,84.63,10
448-34-8700,2/10/2019,Mandalay,Member,Male,Home and lifestyle,9.86,36.91,7
452-04-8808,1/26/2019,Mandalay,Normal,Male,Electronic accessories,9.8,87.08,7
531-56-4728,2/11/2019,Yangon,Normal,Male,Home and lifestyle,9.86,80.08,3
744-82-9138,2/7/2019,Naypyitaw,Normal,Male,Fashion accessories,8.64,86.13,2
883-69-1285,3/6/2019,Mandalay,Member,Male,Fashion accessories,8.64,49.92,2
221-25-5073,3/4/2019,Yangon,Normal,Female,Food and beverages,9.4,74.66,4
518-71-6847,2/26/2019,Mandalay,Member,Male,Food and beverages,9.4,26.6,6
156-20-0370,3/10/2019,Mandalay,Normal,Female,Electronic accessories,9.8,25.45,1
151-33-7434,2/4/2019,Mandalay,Normal,Female,Food and beverages,9.4,67.77,1
728-47-9078,1/19/2019,Naypyitaw,Member,Male,Food and beverages,9.4,59.59,4
809-46-1866,1/23/2019,Yangon,Normal,Male,Health and beauty,9.33,58.15,4
139-32-4183,3/14/2019,Yangon,Member,Female,Sports and travel,9.13,97.48,9
148-41-7930,1/23/2019,Naypyitaw,Normal,Male,Health and beauty,9.33,99.96,7
189-40-5216,1/9/2019,Naypyitaw,Normal,Male,Electronic accessories,9.8,96.37,7
374-38-5555,2/7/2019,Mandalay,Normal,Female,Fashion accessories,8.64,63.71,5
764-44-8999,2/18/2019,Mandalay,Normal,Female,Health and beauty,9.33,14.76,2
552-44-5977,1/3/2019,Mandalay,Member,Male,Health and beauty,9.33,62.0,8
267-62-7380,3/29/2019,Naypyitaw,Member,Male,Electronic accessories,9.8,82.34,10
430-53-4718,1/28/2019,Mandalay,Member,Male,Health and beauty,9.33,75.37,8
886-18-2897,3/22/2019,Yangon,Normal,Female,Food and beverages,9.4,56.56,5
602-16-6955,1/24/2019,Mandalay,Normal,Female,Sports and travel,9.13,76.6,10
745-74-0715,3/10/2019,Yangon,Normal,Male,Electronic accessories,9.8,58.03,2
690-01-6631,2/22/2019,Mandalay,Normal,Male,Fashion accessories,8.64,17.49,10
652-49-6720,2/18/2019,Naypyitaw,Member,Female,Electronic accessories,9.8,60.95,1
233-67-5758,1/29/2019,Naypyitaw,Normal,Male,Health and beauty,9.33,40.35,1
303-96-2227,3/2/2019,Mandalay,Normal,Female,Home and lifestyle,9.86,97.38,10
727-02-1313,2/9/2019,Yangon,Member,Male,Food and beverages,9.4,31.84,1
347-56-2442,2/22/2019,Yangon,Normal,Male,Home and lifestyle,9.86,65.82,1
849-09-3807,2/18/2019,Yangon,Member,Female,Fashion accessories,8.64,88.34,7
